,odds_ratios,log_odds
Beta_channel50,1.161587030338431,0.14978719968380197
Beta_channel11,1.1434280175804439,0.13403078329113213
Alpha_channel101,1.132231227574204,0.12419022356333259
Beta_channel79,1.121243359864285,0.11443821229019843
Beta_channel101,1.11960075225529,0.11297215055540757
Alpha_channel45,1.1187100968859576,0.11217632238285374
Beta_channel66,1.1153506459527338,0.109168836148497
Theta_channel95,1.1149696790852854,0.1088272108968443
Alpha_channel50,1.1136226263364883,0.10761832858170021
Beta_channel70,1.1129535328993658,0.1070173220053141
Beta_channel97,1.1091813845146026,0.1036222518153737
Alpha_channel97,1.1058489863467411,0.10061335340400578
Alpha_channel66,1.103350637109198,0.09835158377842401
Alpha_channel93,1.1030198337889954,0.09805172178603018
Alpha_channel79,1.1024826371291905,0.09756457957919815
Theta_channel97,1.101483363599818,0.09665778374158952
Theta_channel103,1.1008687762185363,0.0960996646414479
Theta_channel101,1.1001355559887451,0.0954334049288384
Beta_channel93,1.0992160658577692,0.09459725833416605
Beta_channel45,1.0967582416565331,0.09235877565326027
Beta_channel103,1.096379594389791,0.09201347380831373
Alpha_channel11,1.0938887942930333,0.08973904827820757
Alpha_channel67,1.0934657099457814,0.08935220256873684
Beta_channel17,1.0926222061321684,0.08858050089171846
Theta_channel17,1.092393082529227,0.08837077823671427
Beta_channel53,1.0921618701392228,0.08815909906555414
Theta_channel107,1.0916238957968187,0.08766640022881049
Alpha_channel17,1.0836597326475987,0.08034395396902101
Theta_channel18,1.0831755228629738,0.07989702585904743
Beta_channel15,1.0812832952964238,0.07814857212757982
Alpha_channel53,1.0811368523858231,0.07801312859595956
Beta_channel67,1.0808021913614085,0.07770353519825894
Beta_channel95,1.0807807616642435,0.07768370741683077
Beta_channel105,1.0796045409608288,0.07659480830406043
Beta_channel91,1.0791873482102794,0.07620830253865012
Alpha_channel91,1.0790607926882059,0.07609102638321592
Beta_channel52,1.0788475329409986,0.07589337225178823
Theta_channel108,1.0782970825693245,0.07538302131874124
Beta_channel46,1.0770665922498235,0.07424122750681186
Beta_channel92,1.076263500365145,0.07349532057441177
Beta_channel99,1.0759183665613676,0.07317459135348504
Theta_channel104,1.0754225418032455,0.07271364649349253
Theta_channel93,1.0750313384655161,0.07234981321565824
Alpha_channel12,1.0748295035648574,0.07216204766608807
Beta_channel73,1.0745697416150144,0.07192034110394956
Theta_channel50,1.0740479196662205,0.07143461303007503
Beta_channel13,1.0739857183829493,0.07137669840323979
Theta_channel100,1.073805179387119,0.07120858241351015
Theta_channel105,1.0730385326958538,0.0704943741835038
Theta_channel115,1.072482234042096,0.06997580668711938
Beta_channel68,1.0718339599221416,0.06937116251987407
Alpha_channel49,1.0716856642917632,0.06923279604173246
Theta_channel15,1.071582922326071,0.06913692194885177
Beta_channel108,1.0714707634486347,0.069032249930336
Beta_channel19,1.0705355392097828,0.06815902719787433
Alpha_channel70,1.0704404048631584,0.06807015712257007
Beta_channel47,1.0697291674574962,0.06740550190922243
Theta_channel92,1.0696718736975364,0.06735194134823229
Theta_channel79,1.068786560647143,0.06652394947637387
Alpha_channel89,1.0685064383694758,0.06626182137376935
Alpha_channel16,1.068402533752082,0.06616457378968289
Beta_channel49,1.068302913890648,0.06607132756183602
Alpha_channel46,1.0676887406570588,0.06549625672838272
Theta_channel66,1.0671821888525803,0.06502170643404624
Delta_channel50,1.0669670942321576,0.06482013232406623
Beta_channel114,1.0669235743821925,0.06477934312093493
Beta_channel54,1.0657809743983968,0.06370783971576885
Theta_channel13,1.0654308854844337,0.06337930464733937
Alpha_channel99,1.0653595052668619,0.06331230583046066
Beta_channel107,1.065148923900196,0.06311462403350691
Theta_channel11,1.0651251788739184,0.0630923311029889
Theta_channel114,1.0650735325926388,0.06304384146583746
Alpha_channel36,1.0648978581784119,0.06287888674824227
Alpha_channel95,1.06481190169724,0.06279816543791335
Theta_channel102,1.064553159337256,0.06255514242040246
Alpha_channel103,1.0645306902674778,0.0625340356238964
Beta_channel115,1.0645053455760476,0.06251022701661628
Beta_channel113,1.064432649246391,0.062441933501387846
Alpha_channel61,1.064274852751465,0.062293677815656416
Gamma_channel101,1.063883414532717,0.06192581210831714
Theta_channel49,1.0633438789488767,0.061418545586246
Beta_channel12,1.0623503023483314,0.06048371998278485
Theta_channel74,1.062266217159963,0.060404566697813064
Beta_channel61,1.061246226170569,0.05944390261407654
Beta_channel100,1.0611321011203338,0.0593363581212989
Beta_channel104,1.060791778292868,0.05901558994136016
Delta_channel3,1.0593503442385237,0.057655837440697334
Beta_channel75,1.0588610089368713,0.05719381054274519
Beta_channel23,1.058677656138527,0.05702063514639803
Theta_channel9,1.0580584622405704,0.056435589225707426
Theta_channel73,1.057937712674654,0.05632145899477526
Theta_channel3,1.0579220101277647,0.05630661628406019
Alpha_channel74,1.0576121402024445,0.05601366906078992
Delta_channel79,1.0572219756105539,0.05564469014807067
Alpha_channel19,1.0560675521234022,0.05455215305191634
Alpha_channel15,1.0557622238949194,0.05426299316405265
Delta_channel11,1.0551895531948936,0.053720422063860004
Beta_channel62,1.0545090646152526,0.053075317026111485
Alpha_channel75,1.0539748726836136,0.052568609876373296
Alpha_channel47,1.0534976730911472,0.05211574551846878
Delta_channel0,1.0534685835113158,0.0520881327555761
Theta_channel42,1.0525625506211054,0.051227715327341175
Alpha_channel10,1.0522141159788791,0.05089662590494457
Theta_channel10,1.0521926852277521,0.05087625840649742
Theta_channel28,1.052004832892037,0.05069770830880321
Beta_channel10,1.0518112596429254,0.05051368723362961
Beta_channel56,1.0514422418241076,0.050162785335834625
Alpha_channel55,1.05076264632817,0.049516230355925735
Beta_channel89,1.0503625453748402,0.049135385882930156
Delta_channel49,1.0502456562249622,0.049024095114942476
Beta_channel18,1.0499229582120866,0.04871678834614606
Delta_channel73,1.0498949959697494,0.04869015533038085
Theta_channel43,1.049782970646644,0.04858344818291063
Delta_channel45,1.0495604268256888,0.04837143539638264
Beta_channel58,1.0495353338062072,0.04834752698786373
Delta_channel17,1.0486721911310721,0.04752478403840274
Alpha_channel52,1.0483713767196483,0.04723789022456051
Alpha_channel9,1.0483203242171601,0.04718919207549496
Beta_channel90,1.0481921754299124,0.04706694258980974
Beta_channel69,1.0480392029059766,0.046920992552244
Beta_channel51,1.0478159114575027,0.04670791346315193
Beta_channel36,1.0477205635727254,0.04661691253238385
Theta_channel12,1.0477010236633169,0.04659826243397108
Alpha_channel18,1.0475998953050711,0.04650173371352921
Alpha_channel83,1.047218271463238,0.046137383382690265
Theta_channel45,1.0472181003991459,0.04613722003173391
Beta_channel102,1.047095214340553,0.04601986790694047
Alpha_channel51,1.0467656807497447,0.04570510622023861
Delta_channel101,1.0465971142312567,0.04554405767265132
Alpha_channel62,1.0464263490184509,0.04538088204066913
Theta_channel89,1.0462091631769013,0.045173310448708814
Theta_channel99,1.0458915057681728,0.044869637288153165
Theta_channel90,1.0457532920806336,0.044737479392240445
Delta_channel46,1.0452761928108516,0.04428114983638436
Theta_channel27,1.045097233712105,0.044109927702661166
Delta_channel43,1.0447925610329583,0.043818359523256495
Theta_channel36,1.0445108456258736,0.04354868551813676
Beta_channel22,1.0444955323216063,0.043534024668433965
Theta_channel35,1.0443559717525426,0.043400400455320544
Delta_channel42,1.0443223429395125,0.04336819940952396
Alpha_channel58,1.0437452213871588,0.04281541886074344
Delta_channel41,1.0434313030640794,0.04251461217595292
Beta_channel43,1.0432387597549795,0.04233006617313519
Theta_channel91,1.0431144656567606,0.04221091655182265
Theta_channel46,1.0429352395586702,0.0420390835431621
Gamma_channel52,1.0428956584683433,0.04200113119489741
Beta_channel27,1.0428951120471055,0.04200060724854045
Gamma_channel50,1.0424256290877691,0.041550333141533724
Beta_channel109,1.042262528914813,0.04139385873296301
Theta_channel41,1.0422388812787478,0.04137116972354265
Gamma_channel49,1.042162778055468,0.04129814807440639
Gamma_channel93,1.041837178566299,0.04098567254792286
Beta_channel9,1.041786784769713,0.04093730125110315
Delta_channel9,1.041702651808871,0.040856539660081084
Theta_channel113,1.0416639242140984,0.04081936176232396
Delta_channel2,1.0415257333685826,0.040686689400769444
Theta_channel0,1.0414626844821642,0.04062615244732577
Beta_channel55,1.0411131971530505,0.040290522580989224
Theta_channel2,1.0401468206402311,0.039361876881743287
Gamma_channel43,1.0400823947155742,0.039299935703144294
Theta_channel75,1.0399940466916762,0.03921498880197047
Beta_channel74,1.0399848518516623,0.03920614751995512
Alpha_channel13,1.0392249822811466,0.038475226001721444
Delta_channel100,1.0390639174163652,0.03832022843124182
Alpha_channel3,1.0389320201769288,0.03819328185042569
Beta_channel60,1.0388555073180574,0.03811963345481902
Gamma_channel54,1.0388214320035438,0.03808683209492346
Beta_channel42,1.0387158345868388,0.037985175755473784
Beta_channel28,1.038408059322689,0.03768882822675406
Gamma_channel92,1.0382744400580048,0.03756014291746064
Alpha_channel43,1.037385634355238,0.03670373509997017
Beta_channel77,1.0372437348486416,0.03656694005703484
Theta_channel29,1.03706489197726,0.03639450393107753
Delta_channel10,1.0362375498638863,0.03559641278856811
Theta_channel8,1.035663837222531,0.035042609736363084
Theta_channel14,1.035628590710691,0.03500857638465649
Alpha_channel73,1.035574878559779,0.03495671074062773
Alpha_channel68,1.035535829291053,0.03491900221197936
Theta_channel19,1.0350513937667354,0.03445108129779418
Delta_channel52,1.0340508540587832,0.03348395675188075
Beta_channel31,1.033987203361814,0.03342240015067523
Theta_channel39,1.033962994295156,0.033398986562972195
Gamma_channel56,1.0338967897473115,0.03333495461227807
Gamma_channel9,1.0336242544119376,0.03307131972670113
Delta_channel66,1.0335690908321664,0.03301794921841158
Alpha_channel54,1.0334982534556827,0.03294941020664944
Beta_channel57,1.0328937023970335,0.03236428300056891
Gamma_channel53,1.0328860938610662,0.03235691674015631
Beta_channel16,1.0319850385860458,0.031484169460139676
Theta_channel51,1.0319522257455434,0.03145237310559696
Delta_channel75,1.031909187727904,0.031410666799771815
Delta_channel74,1.0315224725607328,0.031035839584370097
Delta_channel15,1.030800865492152,0.03033603942722223
Delta_channel27,1.0306913819627805,0.03022982168169391
Beta_channel14,1.030574669428378,0.030116578139504316
Delta_channel39,1.0305602281773563,0.030102565227454053
Alpha_channel42,1.0305553585241927,0.030097839967798485
Alpha_channel100,1.0304090056893207,0.029955816323276378
Beta_channel26,1.0302151139285232,0.02976762891003217
Theta_channel53,1.0300760526008543,0.029632636992249647
Delta_channel12,1.0291652765501222,0.028748062564544687
Beta_channel78,1.0283981157354425,0.028002364178671992
Alpha_channel2,1.027915328640705,0.027532798505278337
Beta_channel41,1.0277954681036225,0.027416186248916223
Gamma_channel57,1.027723085804973,0.027345758960831766
Beta_channel3,1.0276705496682021,0.02729463869279597
Beta_channel111,1.0276541187556223,0.027278650063035766
Gamma_channel58,1.0265789720717224,0.026231887855892384
Delta_channel51,1.0265186655295993,0.02617314097407233
Gamma_channel10,1.0259249508373538,0.02559459674116734
Gamma_channel75,1.0258281714129716,0.025500258466835596
Theta_channel16,1.0258136059651513,0.025486059645207816
Delta_channel107,1.0255817227255821,0.02525998597007209
Theta_channel52,1.025189733592306,0.02487770140409336
Delta_channel31,1.0248645823728064,0.02456048910421035
Alpha_channel92,1.0244465643294123,0.024152529532171407
Alpha_channel20,1.0243838892850468,0.024091348242841707
Theta_channel38,1.0240188956803469,0.02373497925990367
Delta_channel47,1.0238408883717547,0.02356113209475423
Theta_channel109,1.0238064247117544,0.02352747037988437
Delta_channel53,1.0231867254663258,0.022921997650963727
Alpha_channel0,1.0231293849877794,0.02286595501095459
Beta_channel34,1.023070669531884,0.022808565259857982
Gamma_channel51,1.0224247645023226,0.02217702627885367
Delta_channel54,1.02221045645828,0.02196739666606947
Theta_channel55,1.0220854448021255,0.021845093768300933
Delta_channel13,1.0219405221839644,0.021703292616314887
Theta_channel94,1.021809155336504,0.02157473788274248
Theta_channel31,1.021688502202319,0.02145665295724231
Gamma_channel55,1.0214067553253283,0.021180848999753154
Theta_channel98,1.0213758053633637,0.021150547231407805
Beta_channel21,1.0209860950242593,0.02076892011257027
Beta_channel39,1.0209564963464803,0.020739929407438726
Beta_channel7,1.0207702861710395,0.02055752480996598
Alpha_channel41,1.020504096204754,0.02029671717911284
Delta_channel28,1.0204806803058843,0.02027377149216776
Delta_channel55,1.0203147787756839,0.020111186329771814
Theta_channel70,1.019937539045788,0.019741389191545774
Delta_channel18,1.0198062259533403,0.019612634693179386
Beta_channel83,1.01967274044918,0.0194817331182675
Gamma_channel45,1.0195009384412164,0.019313231523578816
Delta_channel48,1.0194762476369301,0.019289012709895005
Theta_channel23,1.0194664323022538,0.019279384842694
Gamma_channel47,1.0189736626471926,0.01879590763295826
Alpha_channel60,1.0188433823766458,0.018668045054674006
Alpha_channel35,1.0186750328520384,0.01850279548074879
Gamma_channel11,1.018262123675645,0.018097373859638992
Theta_channel83,1.018172520172453,0.018009373487497794
Gamma_channel68,1.0181317148179996,0.017969295630999114
Alpha_channel107,1.0179879111412133,0.017828042950958238
Alpha_channel56,1.017936930360354,0.01777796174969705
Gamma_channel70,1.0175790654821564,0.017426340949255523
Delta_channel35,1.017447764044738,0.017297299468626837
Alpha_channel22,1.0172901508200127,0.017142377083892102
Alpha_channel69,1.0172864220763593,0.01713871170830205
Theta_channel62,1.0172434079877903,0.017096427650393615
Theta_channel47,1.01717756006138,0.01703169382443771
Delta_channel44,1.017135592634934,0.016990434270670023
Delta_channel5,1.0171059274714396,0.016961268448221416
Gamma_channel17,1.0169678184174176,0.016825472925061577
Beta_channel98,1.0167902881282105,0.01665088943935941
Delta_channel93,1.0167191624150709,0.016580935780526294
Delta_channel19,1.0165464072211348,0.016411006975424063
Delta_channel68,1.0161392175307986,0.016010364897943455
Beta_channel24,1.0160517932309232,0.01592432544646823
Alpha_channel108,1.0159153286763931,0.015790007766557087
Gamma_channel46,1.0152674839500286,0.015152108760809925
Beta_channel29,1.0152397957723167,0.015124836583073719
Theta_channel5,1.0150149809143818,0.014903371906388485
Delta_channel102,1.01500591335695,0.014894438444218186
Theta_channel106,1.0149503704972582,0.014839715236484615
Theta_channel54,1.0143089612513816,0.01420755427292326
Theta_channel34,1.0141822337137654,0.014082606688141553
Theta_channel67,1.0139378181942023,0.013841580008762894
Beta_channel112,1.0135397646342725,0.013448921102528356
Beta_channel71,1.0134911586120923,0.013400963252816075
Delta_channel34,1.0131518818178205,0.01306614672057734
Gamma_channel13,1.0128777668850115,0.012795553509212573
Gamma_channel91,1.0127550346939207,0.012674374398027712
Theta_channel78,1.0127132622757005,0.012633127227397005
Gamma_channel19,1.0124855650824123,0.012408263188200694
Delta_channel92,1.0122873127691159,0.012212436469956397
Beta_channel40,1.0121593031405414,0.012085972647458835
Beta_channel106,1.0121260025010852,0.012053071515028187
Delta_channel36,1.0116286983745295,0.011561604702029125
Gamma_channel12,1.011436510646417,0.011371608128677229
Beta_channel6,1.0113392561922545,0.011275448726501375
Gamma_channel103,1.011070980492707,0.011010145776333585
Gamma_channel7,1.0108198556251058,0.010761739814541198
Delta_channel56,1.0106661955523972,0.010609712969819747
Delta_channel67,1.0106120414582271,0.010556128962243295
Beta_channel64,1.0104943931809567,0.01043970928697328
Alpha_channel7,1.010044641818068,0.009994529696254176
Beta_channel59,1.0099528150854833,0.009903612024715257
Theta_channel7,1.009746468634322,0.009699278187948104
Delta_channel38,1.0095694334784584,0.009523936473328847
Delta_channel78,1.0095212895904253,0.009476247791000671
Delta_channel70,1.0093045536097978,0.009261532903938684
Alpha_channel21,1.0090510453788983,0.009010330160121248
Beta_channel44,1.0088449433158153,0.008806055940880774
Beta_channel35,1.0085870831454813,0.008550423861726534
Beta_channel48,1.0085121007219582,0.008476077072875133
Alpha_channel23,1.0082613674132148,0.008227429107204573
Alpha_channel85,1.0081199751645633,0.008087185547221567
Beta_channel0,1.0077814000503065,0.00775128110109822
Alpha_channel59,1.0075098731542789,0.00748181444753718
Alpha_channel8,1.00728406466714,0.007257663993393325
Gamma_channel42,1.0070478263900466,0.00702310654114308
Theta_channel48,1.0069237014220778,0.006899842665351431
Beta_channel88,1.0069012672876978,0.006877562541974981
Theta_channel96,1.006725519991843,0.006703004577796754
Alpha_channel102,1.0065445780891709,0.006523255319779451
Delta_channel90,1.0065355490956385,0.006514284992755997
Delta_channel4,1.006403394731454,0.006382980101686589
Beta_channel25,1.0061845107944347,0.006165465192368825
Alpha_channel39,1.0061534753019445,0.006134619983753792
Alpha_channel77,1.0060667545873403,0.006048425924704059
Beta_channel110,1.005976781942387,0.0059589918310777494
Alpha_channel90,1.0057674130637946,0.00575084520898913
Beta_channel8,1.0056406057240075,0.005624757076923759
Beta_channel2,1.0044319034022617,0.0044221114390749555
Beta_channel20,1.004389892473594,0.004380285002543697
Alpha_channel28,1.0041027330714913,0.004094339811202643
Theta_channel30,1.003811676875912,0.003804430842796463
Gamma_channel41,1.0037785029939355,0.003771382382695326
Theta_channel20,1.0036446867010633,0.0036380609248608886
Beta_channel65,1.0034650680989436,0.0034590785825455205
Delta_channel58,1.002702562255908,0.0026989169009232748
Gamma_channel66,1.0021292239740893,0.0021269603892733625
Gamma_channel60,1.0021029813886564,0.002100773218580923
Theta_channel44,1.0020327016171908,0.0020306384746209944
Alpha_channel27,1.0017564092382494,0.0017548685553260114
Delta_channel16,1.0013704644395942,0.0013695262103128917
Beta_channel85,1.0010665833921424,0.001066014996201466
Delta_channel103,1.0006648035526868,0.0006645826686958945
Gamma_channel61,1.0004024398122968,0.00040235885511518386
Theta_channel40,1.0003341739479288,0.00033411812425132944
Gamma_channel15,1.0003229426069378,0.0003228904721982105
Theta_channel61,1.0002003880966905,0.00020036802167774454
Delta_channel89,1.0001693938891876,0.00016937954366277167
Theta_channel6,1.000127733712884,0.00012772555562791518
Gamma_channel23,0.9998972312295273,-0.00010277405154458798
Beta_channel81,0.9996768282874409,-0.00032322394379047853
Gamma_channel44,0.9994651195443646,-0.0005350235552160821
Theta_channel58,0.9991021631483605,-0.0008982401485601493
Gamma_channel16,0.9989368758760846,-0.0010636896412124382
Delta_channel91,0.9985885733943713,-0.0014124236063995667
Gamma_channel3,0.9985004741397175,-0.0015006512743843037
Delta_channel7,0.9983847332787437,-0.0016165726710410608
Alpha_channel115,0.9983386935782717,-0.001662687921516803
Alpha_channel6,0.9982885981292642,-0.001712867991904532
Alpha_channel48,0.9982263156299295,-0.0017752592106484158
Delta_channel14,0.9981740954961965,-0.0018275734993590711
Gamma_channel79,0.9979042268293177,-0.0020979723765020635
Delta_channel97,0.9977446320511392,-0.0022579151217486304
Gamma_channel36,0.997729112361016,-0.002273470014582406
Theta_channel84,0.9967478450752463,-0.003257454674104412
Delta_channel32,0.9965260604419337,-0.0034799876974024183
Delta_channel8,0.9964182892301341,-0.0035881404533209377
Alpha_channel44,0.9962430297335423,-0.0037640454055331064
Delta_channel83,0.9957390846352624,-0.004270018933504143
Delta_channel29,0.9957229726491756,-0.004286199996083891
Theta_channel77,0.9952946351593058,-0.0047164699191606695
Theta_channel4,0.9949452449887335,-0.005067573499836152
Theta_channel68,0.9948068801235095,-0.005206650989640726
Alpha_channel104,0.9947325456642783,-0.005281376283648247
Alpha_channel40,0.9946573167075797,-0.0053570064636922045
Beta_channel30,0.9945080928450661,-0.005507043119343768
Gamma_channel90,0.9944921102478683,-0.005523114105332957
Gamma_channel100,0.9943264645053247,-0.005689691132548381
Gamma_channel73,0.9933874281907411,-0.0066345317234326835
Theta_channel82,0.9930877284616567,-0.006936271949435222
Alpha_channel109,0.992930894340318,-0.0070942101680038375
Alpha_channel114,0.9927660683203487,-0.007260223435332313
Delta_channel6,0.9922781409282847,-0.0077518269972251
Theta_channel59,0.9921132253525862,-0.007918039750294356
Gamma_channel71,0.9918924125083999,-0.008140632711608807
Gamma_channel67,0.9918412240812001,-0.008192240877409914
Alpha_channel105,0.9917918709221184,-0.00824200124813193
Alpha_channel87,0.9917662083142142,-0.008267876576083445
Gamma_channel113,0.9909949605888639,-0.009045829842814289
Theta_channel56,0.9906949638179879,-0.00934859847424642
Beta_channel38,0.9902986760417098,-0.00974868838225073
Gamma_channel62,0.9899689750832619,-0.010081674644291648
Gamma_channel6,0.9891382455724903,-0.010921173940630954
Gamma_channel69,0.9889598300128662,-0.011101564955929946
Delta_channel85,0.9882471709453142,-0.01182243950074828
Gamma_channel22,0.9880170669709781,-0.012055307121343999
Beta_channel63,0.9879440531071098,-0.012129209247412835
Theta_channel80,0.9879401956033995,-0.012133113832119964
Delta_channel69,0.9873765849651415,-0.012703767267657063
Delta_channel62,0.9872897907331756,-0.012791675010544682
Delta_channel95,0.9864666094059106,-0.013625801628130835
Gamma_channel74,0.9864633373378195,-0.013629118591408126
Beta_channel87,0.9860702578238106,-0.014027671518644742
Gamma_channel104,0.9860107087985546,-0.014088063588019173
Gamma_channel77,0.985761665803691,-0.014340671849901504
Beta_channel72,0.9856107747462586,-0.014493754093138122
Theta_channel85,0.985192588258914,-0.014918135846762898
Gamma_channel18,0.9851672067984489,-0.014943899121602449
Gamma_channel2,0.9845079921315497,-0.015613262975978644
Theta_channel60,0.9845013333388704,-0.015620026572873112
Alpha_channel4,0.983782260483814,-0.016350686412038212
Gamma_channel48,0.983299531479726,-0.016841493673587404
Delta_channel60,0.9832722110075778,-0.016869278545666756
Theta_channel32,0.9826989467092015,-0.01745246544784863
Delta_channel77,0.9826632516865959,-0.017488789564226507
Alpha_channel14,0.9825308736397088,-0.01762351218056379
Alpha_channel29,0.981946492138742,-0.01821846076931752
Gamma_channel105,0.9815756620479155,-0.01859618005753103
Alpha_channel94,0.9815075735680627,-0.018665548975409584
Gamma_channel21,0.9810601616519713,-0.019121494434833023
Gamma_channel39,0.979998838683163,-0.020203892335402252
Theta_channel81,0.9799618242738424,-0.020241662898888027
Gamma_channel8,0.9798016661239766,-0.02040510930556635
Alpha_channel31,0.9791721925917599,-0.0210477657157893
Theta_channel22,0.9788237000942259,-0.021403734288058095
Alpha_channel113,0.9781712508219322,-0.022070521186166092
Alpha_channel5,0.9780714871214911,-0.02217251640239638
Alpha_channel78,0.9771374105932418,-0.0231279913906735
Delta_channel81,0.9769958905489341,-0.023272833141717162
Gamma_channel59,0.976933670482725,-0.0233365202545702
Beta_channel96,0.9765273542848373,-0.02375251647726991
Gamma_channel0,0.9764807305091835,-0.02380026208162831
Beta_channel80,0.9764240157894438,-0.02385834450460676
Delta_channel40,0.97577841394074,-0.02451975324215095
Delta_channel80,0.9757556322761962,-0.02454310068473243
Delta_channel61,0.9757130263149199,-0.024586766219503415
Beta_channel94,0.9756695239960722,-0.024631352370843077
Theta_channel21,0.9749861919001083,-0.02533197023830928
Beta_channel5,0.9747719417959849,-0.025551741194801664
Beta_channel84,0.9747277357073453,-0.025597092408918137
Delta_channel57,0.9740310710527017,-0.02631207538362478
Alpha_channel64,0.9736349868874979,-0.026718802367492786
Theta_channel86,0.973550999301935,-0.02680506796945448
Theta_channel69,0.9732770916252795,-0.02708645663416432
Gamma_channel20,0.9732279995263675,-0.027136897908780627
Gamma_channel28,0.9730413074414492,-0.027328744006155297
Delta_channel30,0.9714958123135665,-0.028918320710662908
Alpha_channel98,0.9714874826910544,-0.02892689476534843
Delta_channel82,0.9714439836302355,-0.028971671497394935
Gamma_channel72,0.9714426086896906,-0.028973086855913984
Delta_channel104,0.9713963850297203,-0.02902067047980513
Alpha_channel81,0.9712792395922333,-0.0291412726391612
Theta_channel112,0.9712011993886228,-0.02922162372232929
Delta_channel23,0.9711327123301563,-0.02929214409792654
Alpha_channel96,0.9710323105583863,-0.029395535695114387
Gamma_channel5,0.9709403992799162,-0.02949019333687547
Delta_channel99,0.9708103454408347,-0.029624148572509647
Alpha_channel25,0.9703590068146889,-0.03008916584032767
Theta_channel26,0.9703469137433022,-0.030101628389401953
Alpha_channel106,0.9701987640862408,-0.03025431704707363
Beta_channel4,0.9696815097940436,-0.030787601818737638
Theta_channel71,0.9689322094570835,-0.031560628819251056
Gamma_channel102,0.9688888542266761,-0.0316053751905513
Theta_channel24,0.9687298993786546,-0.031769447558329965
Beta_channel86,0.9686384422445183,-0.031863861338342056
Theta_channel111,0.9684895790228066,-0.032017556107474955
Delta_channel106,0.9680915332119199,-0.032428637072767254
Theta_channel1,0.9677454814491431,-0.03278615866558942
Delta_channel84,0.9667102438822288,-0.03385647281358082
Delta_channel20,0.9663053763666555,-0.03427537012331029
Alpha_channel34,0.9661946753710258,-0.034389937774318875
Gamma_channel26,0.9659244180123276,-0.03466969005396479
Gamma_channel14,0.9657954266203072,-0.03480324088181451
Beta_channel82,0.9652837550845573,-0.03533317414666642
Gamma_channel114,0.965268177401561,-0.035349312208258564
Theta_channel25,0.9651738766133291,-0.03544701085516771
Gamma_channel31,0.9649981936639492,-0.0356290494957329
Theta_channel65,0.9646456344421458,-0.03599446327893086
Delta_channel59,0.9646104585139866,-0.03603092907348397
Gamma_channel38,0.9644212247785999,-0.03622712464417641
Gamma_channel99,0.964291880444949,-0.036361249655817135
Delta_channel98,0.9640604427065146,-0.03660128643412472
Gamma_channel35,0.9635212755784924,-0.03716070981625053
Theta_channel64,0.9634891200020969,-0.03719408335328214
Alpha_channel57,0.9626863199984154,-0.038027652335104294
Theta_channel72,0.9625191928113822,-0.03820127243575434
Alpha_channel38,0.9618401475837737,-0.03890700887648897
Gamma_channel107,0.9618147886494737,-0.03893337424360746
Gamma_channel29,0.9614258809741058,-0.039337803795052945
Delta_channel22,0.9605422547702046,-0.04025730526828271
Delta_channel72,0.9605209501917821,-0.04027948525524859
Alpha_channel65,0.9599435645433528,-0.04088078318228208
Alpha_channel71,0.9591912617362518,-0.041664785260024234
Delta_channel71,0.9585253657354431,-0.042359252855530466
Delta_channel87,0.9577073196975965,-0.04321305948742921
Alpha_channel30,0.9567424409962939,-0.04422105541692328
Gamma_channel30,0.9561118988561236,-0.04488032376775543
Alpha_channel24,0.9559850648008063,-0.04501298864606863
Gamma_channel64,0.9559084038472621,-0.04509318239623563
Delta_channel105,0.9558919532439666,-0.045110391937216
Delta_channel21,0.9558288877523767,-0.04517636965766589
Gamma_channel34,0.9546610527834493,-0.046398920051264586
Gamma_channel24,0.9538550863927642,-0.047243520127787104
Alpha_channel1,0.9538044447402984,-0.04729661309500821
Beta_channel37,0.9535961013962934,-0.047515070980275756
Gamma_channel4,0.9535462348792483,-0.04756736546937389
Alpha_channel82,0.9530999754238155,-0.048035474824082894
Alpha_channel37,0.9528615585818718,-0.048285654944650265
Alpha_channel26,0.9526145489877631,-0.04854491780762836
Gamma_channel111,0.9520760035159066,-0.0491104117515134
Theta_channel63,0.9520296243955472,-0.04915912661237906
Theta_channel33,0.951679286830309,-0.04952718453040131
Alpha_channel72,0.9513165186855351,-0.04990844459215944
Alpha_channel63,0.9508188060635722,-0.05043176449148089
Beta_channel1,0.9504163949427589,-0.05085507995146129
Alpha_channel84,0.950112732266297,-0.05117463588427869
Delta_channel1,0.9494273417461196,-0.051896274305386986
Gamma_channel85,0.9485716668757667,-0.052797934342549556
Gamma_channel25,0.9484078674918693,-0.05297062928346679
Delta_channel64,0.9482665083152448,-0.05311968932106669
Delta_channel113,0.9477250707021015,-0.053690828596001605
Beta_channel32,0.9469287383288272,-0.05453143854423696
Theta_channel87,0.9466766493170012,-0.05479769149742338
Gamma_channel84,0.9465685160664286,-0.0549119220816788
Delta_channel114,0.9460434418928311,-0.055466789322013973
Gamma_channel83,0.9458949122202682,-0.05562380254873469
Gamma_channel97,0.9450538578102969,-0.056513360720550326
Delta_channel33,0.9439352740968737,-0.057697680762708474
Gamma_channel106,0.9438364533685141,-0.057802376396202976
Gamma_channel27,0.9437171508045125,-0.05792878611923988
Beta_channel76,0.9434240929631973,-0.058239370019240705
Theta_channel57,0.943323926938618,-0.05834554850583977
Gamma_channel81,0.9427716118349738,-0.05893121885824491
Delta_channel115,0.9411698353951243,-0.06063167173396583
Gamma_channel40,0.9404241845961164,-0.06142424529672039
Gamma_channel115,0.9402965067228132,-0.061560020772673515
Alpha_channel111,0.9402729862702075,-0.06158503495342526
Beta_channel33,0.9400838479353409,-0.06178620776495096
Gamma_channel32,0.9400156833034967,-0.061858719491847965
Delta_channel25,0.9385371215757198,-0.0634328695814842
Gamma_channel80,0.9385356586094539,-0.06343442835563659
Delta_channel26,0.9365969171755673,-0.0655022737440199
Theta_channel110,0.9361332179628737,-0.06599748574864282
Alpha_channel88,0.9344191392153655,-0.0678301842247895
Delta_channel86,0.934416080709351,-0.06783345739299805
Alpha_channel112,0.9343371435594321,-0.06791793847797038
Delta_channel94,0.9337105950376561,-0.06858874418847224
Alpha_channel86,0.9334765079339842,-0.06883948189389645
Gamma_channel82,0.9332591362271464,-0.0690723715464834
Theta_channel37,0.9324534552847137,-0.06993604261369911
Alpha_channel80,0.9323554565615467,-0.07004114584720966
Delta_channel96,0.9317481082825508,-0.07069277090918684
Theta_channel88,0.9316671952569668,-0.0707796147013153
Alpha_channel32,0.9316371441577382,-0.07081187040812131
Gamma_channel33,0.9308731659108332,-0.0716322452383946
Alpha_channel76,0.9306253612837919,-0.07189848732764136
Alpha_channel110,0.92952184833073,-0.07308496663079815
Delta_channel24,0.9292459659366511,-0.07338181101769488
Gamma_channel112,0.9289835498393947,-0.07366424771001186
Delta_channel108,0.928695139392273,-0.07397475398982313
Gamma_channel98,0.9278848532149996,-0.07484763448185436
Gamma_channel95,0.9210705146674498,-0.08221868250079888
Alpha_channel33,0.9187708065626025,-0.08471858211276996
Gamma_channel87,0.9178179489227498,-0.08575622074853029
Gamma_channel108,0.9172162597760425,-0.08641200053227273
Gamma_channel1,0.91687374870825,-0.08678549482120043
Delta_channel111,0.9144949111921501,-0.08938337574608655
Gamma_channel86,0.9137727048183024,-0.09017342027248755
Delta_channel65,0.9090316346173382,-0.09537538385099058
Gamma_channel65,0.9065202869687734,-0.09814186959057254
Delta_channel63,0.9052299526188331,-0.09956627626640766
Delta_channel112,0.9043683620101487,-0.10051852148770861
Theta_channel76,0.8983882440356403,-0.10715296108915516
Gamma_channel63,0.8976321179091356,-0.10799496286953408
Delta_channel109,0.8949166823854152,-0.11102465734743804
Gamma_channel110,0.883395341069136,-0.12398245369694591
Gamma_channel78,0.8805253483970856,-0.1272365628207545
Delta_channel88,0.8785726616099596,-0.12945666377938098
Delta_channel37,0.8769142696207917,-0.13134604552640913
Gamma_channel109,0.876653644863616,-0.13164329635649322
Gamma_channel89,0.8741836317017053,-0.13446482047368985
Delta_channel110,0.8732764451815187,-0.13550311212187907
Delta_channel76,0.8603165703014275,-0.15045485246694823
Gamma_channel88,0.8543584510750574,-0.15740444131836986
Gamma_channel94,0.8272539913180152,-0.18964350738937702
Gamma_channel76,0.8272533853471522,-0.18964423989848708
Gamma_channel96,0.8218389059520536,-0.19621088129270506
Gamma_channel37,0.8007929906677578,-0.22215280393182363
