,OR,log_OR,p-value,2.5%,97.5%
Slope_Gamma_channel42,12.57081627482997,2.5313779588254937,0.26908018464093086,0.14116287015034384,1119.4545821236627
Slope_Gamma_channel40,8.644724132359608,2.1569492079678687,0.2424962218053579,0.23220443631638496,321.83388272038513
Slope_Gamma_channel43,4.2535207805071,1.4477470589295909,0.4950852664887605,0.06644539076475527,272.2903548608901
Slope_Alpha_channel43,3.404798787468719,1.2251858446009862,0.10441219320982102,0.7759906770290248,14.939167603833022
Slope_Delta_channel69,3.393933886028727,1.2219896869607616,0.6066148748035303,0.03240626520887007,355.44939068082425
Slope_Gamma_channel7,3.015931903979298,1.103908871634616,0.4648476858685222,0.15624090662329412,58.21679767495719
Slope_Alpha_channel73,2.765619731188938,1.0172647441055178,0.10628666784815173,0.8047666461308842,9.504186753159281
Slope_Alpha_channel4,2.380533852226391,0.8673247701883293,0.24183239017680447,0.5570597898142405,10.172950058889622
Slope_Beta_channel77,2.3563316938107968,0.8571060427264902,0.3928974884255684,0.32984776112625025,16.83291416712724
Slope_Alpha_channel34,2.2493336814142304,0.8106340307640725,0.24105912408720953,0.5800670714223075,8.722270681455413
Slope_Alpha_channel72,2.1823176881478568,0.7803874717478216,0.14708381264416281,0.7599309450560517,6.267030607171455
Slope_Gamma_channel5,2.1071003020011543,0.7453127378661112,0.6311785031958176,0.10050419464797808,44.17598388051632
Slope_Beta_channel38,2.1026174370048993,0.7431829671932645,0.4359357592377351,0.3241703055020691,13.637893450943597
Slope_Beta_channel64,2.0494983703866354,0.7175950658346569,0.3636390955093949,0.43578845309160935,9.638721587087293
Slope_Alpha_channel45,2.0340749797295947,0.7100411601374953,0.26608296079455884,0.5819895506158294,7.109167198593028
Slope_Alpha_channel75,1.9596915272280169,0.6727870767889156,0.25781789742753114,0.6110741390281258,6.284656208814812
Slope_Alpha_channel50,1.958937584102732,0.6724022773536193,0.26577269025182404,0.5993918076470584,6.402217063116515
Slope_Gamma_channel3,1.9358546765178088,0.6605489222548351,0.6782384993440012,0.08542752772658309,43.86798293625117
Slope_Alpha_channel82,1.9251504325759643,0.6550041114791547,0.23508113661764107,0.6529892649551502,5.675750562763048
Slope_Gamma_channel41,1.919662497198979,0.6521493878792339,0.671114113709762,0.09460449738765324,38.95273697245136
Slope_Alpha_channel42,1.8921732919596213,0.637726058380232,0.4098922291795317,0.41519211152644303,8.623284661267665
Slope_Beta_channel92,1.8730320480166036,0.6275585338423185,0.4440700483178145,0.3754750180815449,9.343495263206457
Slope_Beta_channel65,1.8397831857310467,0.6096477308361192,0.4243039512067489,0.412353281998664,8.208500618917457
Slope_Alpha_channel2,1.8171054922902918,0.5972448462263887,0.35290299167946926,0.5153892338925015,6.406560620550797
Slope_Alpha_channel74,1.8121554475990602,0.5945169917994207,0.21664015696436512,0.7056754034342612,4.653566427682454
Slope_Beta_channel36,1.7891147268433307,0.5817209315052445,0.564781080293526,0.2469539209116321,12.961654927329864
Slope_Alpha_channel41,1.7882759083123203,0.5812519759832281,0.401425985978086,0.4600273859685622,6.951609451505128
Slope_Beta_channel102,1.7837347883612433,0.5787093618741544,0.47349536220217614,0.3665346265525701,8.680516286102627
Slope_Alpha_channel11,1.7777877194131853,0.5753697370578424,0.32528081819384513,0.564924880873396,5.59460077313294
Slope_Alpha_channel33,1.7517905764372368,0.5606384513724312,0.39384838066298955,0.48283873221554197,6.355683624660811
Slope_Alpha_channel71,1.7102248186263669,0.536624834753683,0.2618795222601886,0.6697766340707061,4.366931871703398
Slope_Alpha_channel44,1.6987177517279508,0.5298737027727551,0.4757706360709778,0.3959581029010274,7.287745796572198
Slope_Beta_channel104,1.6911790082138973,0.5254259236951047,0.5147403853985464,0.34808070263077123,8.216733694821329
Slope_Alpha_channel36,1.680799431643325,0.519269532402074,0.371907179952508,0.5376503523153913,5.254505492735731
Slope_Beta_channel66,1.6468376054188019,0.49885684610273084,0.5591232411028169,0.3088361417614956,8.781595583835461
Slope_Beta_channel75,1.6296696498160823,0.4883773254540801,0.6516063093782622,0.1956315938912585,13.575635278051799
Slope_Beta_channel86,1.624740672981607,0.48534821718905025,0.5920532927964679,0.27531098495257283,9.588365153302815
Slope_Alpha_channel40,1.6171026203430168,0.4806360419968473,0.5230490436809654,0.36994886108935837,7.0686009872283755
Slope_Alpha_channel80,1.6132794655457519,0.4782690423784675,0.27584240417735373,0.6825268470516027,3.8132868255581034
Slope_Beta_channel94,1.6013825441149965,0.47086734620670107,0.5580960267463002,0.33124377980822445,7.741808930211184
Slope_Beta_channel60,1.600658953064468,0.47041539012588013,0.5470180431468027,0.34626702448948066,7.3992292156692905
Slope_Alpha_channel76,1.598479233618554,0.46905269826574975,0.4275980059675826,0.5016773421412465,5.093185690635326
Slope_Delta_channel20,1.5784565614630304,0.4564475097668309,0.8546091399731175,0.011965021140282622,208.23407557864488
Slope_Delta_channel82,1.5724923101636668,0.4526618193825154,0.822070238470291,0.03042461335653162,81.27406703733888
Slope_Beta_channel100,1.572469473554123,0.4526472967198474,0.5942660455919349,0.2973365705931801,8.316031359098131
Slope_Beta_channel18,1.568563528081009,0.45016025027086076,0.514356863422024,0.4053863115847993,6.069251652842931
Slope_Beta_channel20,1.5567734291905022,0.44261536472333807,0.5467196812746362,0.36905903399047735,6.566818006400811
Slope_Alpha_channel89,1.5507035244561427,0.4387087147016229,0.4085641826359401,0.5478558531373846,4.389259340736998
Slope_Theta_channel13,1.5500903278065894,0.4383132052374262,0.5362419749968681,0.3864920378658692,6.216893982156022
Slope_Alpha_channel108,1.5459695453120281,0.43565125094922796,0.3221663795179258,0.6525806328233099,3.6624161288577373
Slope_Beta_channel111,1.5428955659533383,0.43366088862341,0.6360529070416867,0.2560350211927556,9.297660594822675
Slope_Beta_channel63,1.5267887563963134,0.4231666776990721,0.6070470458949779,0.30436867084307295,7.658751146106185
Slope_Beta_channel108,1.5158460103628206,0.4159737057831376,0.6398529563362378,0.26541455557850147,8.657359134372209
Slope_Alpha_channel69,1.5139426364953628,0.4147172655889828,0.3950749207526911,0.5821376550684696,3.9372514157823177
Slope_Beta_channel32,1.5019698678369888,0.40677749178051736,0.593721994474253,0.33696544038073595,6.694791849696259
Slope_Beta_channel27,1.4979126046443538,0.4040725420341951,0.6557761369287058,0.2534405164527095,8.853131308904594
Slope_Theta_channel53,1.4957303430703581,0.402614611346632,0.63329603595133,0.2861089704419667,7.8194306726050655
Slope_Theta_channel61,1.4951918767789951,0.4022545442786173,0.5919223107721832,0.34352158215671197,6.507884408165164
Slope_Beta_channel97,1.4907864446950598,0.3993037959434873,0.6287546771971648,0.2954015480708016,7.523468438810831
Slope_Alpha_channel81,1.4903126779471099,0.39898594891294736,0.4747010548990638,0.49910165590248556,4.450059124796474
Slope_Alpha_channel90,1.4753500010841325,0.38889525051383017,0.38283930655991727,0.6159846687832911,3.5336230526619117
Slope_Beta_channel26,1.473969231404881,0.3879589193327766,0.6274433928043719,0.30765221710340107,7.061822325168212
Slope_Alpha_channel1,1.4737303355924822,0.38779682967099677,0.5516634911544653,0.4110459682769126,5.283791278016824
Slope_Beta_channel23,1.4730424546457712,0.3873299589563733,0.6213298261755128,0.31678856858262505,6.849534005905568
Slope_Beta_channel52,1.471433696316441,0.38623722910771496,0.6313993157512174,0.30371548961867717,7.128767536268321
Slope_Beta_channel17,1.4673718533294715,0.38347294579272945,0.614403780173526,0.3300922433467589,6.522965017635
Slope_Alpha_channel3,1.4546444291075404,0.37476149213788795,0.5456853411743626,0.43134356389751344,4.905580127390884
Slope_Alpha_channel14,1.4531918893076834,0.3737624400856979,0.4786395718140253,0.5167432628356725,4.086684469887686
Slope_Alpha_channel78,1.4515978930903293,0.37266494491616114,0.3918252216918878,0.6185936332783848,3.406333867448667
Slope_Beta_channel113,1.448519441919591,0.37054196024253655,0.6820920726304716,0.24598531924968509,8.529812185617779
Slope_Beta_channel67,1.4455300151541808,0.3684760468067158,0.6465270800306073,0.29928969210670553,6.981720653334957
Slope_Alpha_channel70,1.4406793811455343,0.36511479479101494,0.41031144069047,0.6040874216360894,3.4358554820368763
Slope_Beta_channel48,1.4275784531088318,0.3559796194328495,0.7095292473250921,0.21934306575917975,9.291290940640616
Slope_Alpha_channel96,1.425922721421181,0.3548191279718683,0.41049122013550765,0.6125358495156332,3.3194067074980143
Slope_Beta_channel21,1.4224527565993916,0.35238267493740794,0.6709797726074596,0.27986600400528716,7.229787883486495
Slope_Beta_channel11,1.4145689440037565,0.3468248514721853,0.7381441802258998,0.1851667846758185,10.806502369435055
Slope_Beta_channel78,1.401155776143589,0.33729745042690024,0.6860875400365783,0.2729745199161575,7.192017444058661
Slope_Beta_channel71,1.4010668994700413,0.3372340174425404,0.6699423007249588,0.29715435830076514,6.605955463738323
Slope_Beta_channel112,1.395436599222375,0.3332073406600296,0.7095975967324845,0.24159334341766828,8.060003950865894
Slope_Alpha_channel38,1.3894611568102153,0.3289160150131443,0.4741995319412545,0.5644654059577834,3.420231401087443
Slope_Alpha_channel6,1.3870271380230352,0.32716270712761,0.6129984116765623,0.3903972421240998,4.927914631632616
Slope_Alpha_channel67,1.386740250596842,0.32695584953140827,0.42706197747807817,0.6188505986231372,3.107451987448873
Slope_Alpha_channel98,1.3776837467462106,0.32040364461638543,0.44746661591490033,0.6027389506131222,3.1489793452339
Slope_Beta_channel16,1.3743261950564334,0.31796357105075607,0.6604887274004732,0.33258856964226335,5.67900602371838
Slope_Beta_channel56,1.3667985179246729,0.3124711569188398,0.6287392936852161,0.3851248222477722,4.850734309198086
Slope_Beta_channel54,1.3543527281439212,0.3033236487940762,0.7134721239455725,0.268284336240273,6.837042139456571
Slope_Alpha_channel84,1.351786247891035,0.30142686444923217,0.5447041144515681,0.5097034858155037,3.585076639339986
Slope_Beta_channel98,1.3487775632836798,0.2991986735509411,0.7195475666866835,0.2634239962396503,6.905980249280102
Slope_Beta_channel29,1.343683852269864,0.2954149854644102,0.7027055605632491,0.29475631758536863,6.125352323713532
Slope_Beta_channel50,1.3427483973762153,0.29471855626424637,0.7809092076335598,0.1682824903040113,10.713968253020424
Slope_Alpha_channel77,1.340039396644283,0.29269901401144244,0.5318292553073223,0.5353304761957715,3.354386989733199
Slope_Beta_channel25,1.337395730099313,0.29072423794482705,0.7429464315144412,0.2353357601898991,7.600321079314851
Slope_Gamma_channel4,1.3361879666890202,0.2898207588475396,0.8626880386207137,0.05006057176084787,35.66476010010117
Slope_Beta_channel19,1.3345806862851097,0.2886171498444489,0.6781379934718149,0.3414862841983033,5.215745670098231
Slope_Theta_channel51,1.3138879776094743,0.2729906634673523,0.7024538874711901,0.32379919711769345,5.331395608986775
Slope_Alpha_channel49,1.3127793121783087,0.27214650212167063,0.6068891566633943,0.46554585712279256,3.701868454236489
Slope_Alpha_channel68,1.3124262942466978,0.27187755714237094,0.5645787104595097,0.5203999140728817,3.309882902073059
Slope_Beta_channel13,1.3123533238595084,0.27182195598888365,0.7533641858128248,0.24080816123169643,7.152046831950999
Slope_Theta_channel17,1.3001340122588387,0.2624673455074109,0.6872214103528835,0.36232902799695027,4.66523054798274
Slope_Beta_channel88,1.296890668364667,0.25996960599453045,0.7743255196406583,0.21934181181534682,7.6680564994479194
Slope_Alpha_channel86,1.296209162502142,0.2594439757275396,0.5900665865973539,0.5043789378909141,3.331142652348192
Slope_Theta_channel52,1.289685623879942,0.2543984862546711,0.7166361307997868,0.3264931760595325,5.094406653507858
Slope_Beta_channel84,1.2781900131880741,0.24544502501941398,0.8061000436454628,0.1800722738602827,9.072855441817564
Slope_Alpha_channel37,1.2738033005715326,0.24200715007402968,0.650119945361777,0.4476723104826209,3.624469976259388
Slope_Alpha_channel63,1.2737821098490525,0.24199051414701125,0.5526943115158107,0.5730121540883486,2.8315644821756067
Slope_Gamma_channel1,1.2724617871651767,0.24095343925896867,0.8679628276138718,0.07429100673714233,21.7948183893177
Slope_Alpha_channel66,1.2666182215273505,0.2363505311702092,0.5819031379813393,0.5460892317976429,2.9378380412738125
Slope_Beta_channel68,1.2646938211876022,0.23483005429654172,0.7505946451441707,0.29724988949508024,5.380827774459345
Slope_Beta_channel79,1.2631670713510263,0.23362211597467894,0.7512234706856622,0.297986262031526,5.354579232168496
Slope_Beta_channel28,1.2591058360926768,0.23040181514516778,0.7776255323069974,0.2544651064090841,6.230117476044028
Slope_Alpha_channel106,1.259053965380987,0.23036061782983702,0.5546447572658784,0.5863512909859547,2.7035275816925917
Slope_Beta_channel110,1.2513108849268235,0.22419170974564542,0.7954393208263643,0.22976429641492924,6.814718192371909
Slope_Beta_channel106,1.249013056315012,0.22235368450354548,0.7929895582832818,0.23733175455646394,6.573219069487044
Slope_Theta_channel55,1.2387803533318462,0.2141273095560873,0.7797696565866552,0.27615929703621744,5.556853527186227
Slope_Alpha_channel54,1.237500813359354,0.21309387272057626,0.6256220800217152,0.5257454437942239,2.9128322102292024
Slope_Alpha_channel100,1.237242080360452,0.21288477382751456,0.6018789969929247,0.556049952062777,2.752932465394473
Slope_Theta_channel83,1.2371574445863684,0.21281636468560897,0.7819541327240492,0.274106753551074,5.583804568355102
Slope_Theta_channel31,1.23292754311626,0.20939145774848691,0.7543306089994665,0.3321843491415827,4.576104595243288
Slope_Theta_channel87,1.2284593888860251,0.20576085495285312,0.785332093850993,0.27947349841894903,5.399841053551231
Slope_Alpha_channel88,1.2266415182219343,0.20427996185306221,0.6870109153567776,0.4541025081235587,3.3134576165265432
Slope_Alpha_channel7,1.2178973782913989,0.19712591146175867,0.7310184856009727,0.39583383236857317,3.7472138628815843
Slope_Theta_channel46,1.2141615643899335,0.19405376812333788,0.8236432916480653,0.22034529920611237,6.690355136929178
Slope_Theta_channel12,1.2137192692913092,0.1936894214903555,0.7913391119346953,0.28904527537458696,5.096483458309268
Slope_Alpha_channel21,1.2085994777825984,0.18946223286066566,0.657539130897385,0.5229953457159381,2.7929745640408563
Slope_Beta_channel61,1.207773482125023,0.18877856713235916,0.8158074800831798,0.24669431819916818,5.913053834286979
Slope_Theta_channel65,1.2076384747886026,0.18866677888342342,0.794758852055059,0.2914692780005061,5.003582867444472
Slope_Alpha_channel5,1.2065002479694138,0.1877238116108302,0.7428935040945865,0.3930031359187265,3.7038962677674037
Slope_Beta_channel24,1.200771267095031,0.18296407291544892,0.8150863030930486,0.2591410994455596,5.563963566435015
Slope_Delta_channel88,1.1981154647887429,0.180749876341653,0.9186921386680033,0.037266783178198114,38.519038793928786
Slope_Beta_channel22,1.1979293038134706,0.18059448611014614,0.8232247395283757,0.245655020833356,5.8416661384198
Slope_Beta_channel69,1.1909877151021309,0.17478297554425654,0.825046406401603,0.2528685478633929,5.609443125724295
Slope_Alpha_channel83,1.1884006136414047,0.17260838096549275,0.7514472134974602,0.40840017970298576,3.4581180143710455
Slope_Alpha_channel92,1.1852953722988953,0.16999200285111266,0.6642442167769943,0.5501347681181202,2.5537835472553208
Slope_Alpha_channel47,1.1825424243238896,0.1676667175470657,0.7469597517353519,0.4270576852261163,3.274514506360893
Slope_Beta_channel96,1.1798473844960393,0.16538509494021075,0.8431410720768922,0.22929510750209586,6.070953130517279
Slope_Alpha_channel59,1.1790322840337069,0.16469400373649368,0.7132887305540245,0.4897821671765163,2.838235484986012
Slope_Theta_channel30,1.1760381223202994,0.16215126589004758,0.8062941663316657,0.32176739419125316,4.298340012439497
Slope_Alpha_channel9,1.1714300864886353,0.1582252985580148,0.7573885885045235,0.42926862174343106,3.196712682975811
Slope_Beta_channel70,1.1703575478822126,0.1573092986050949,0.8419999953884988,0.24921746377028373,5.496150908378641
Slope_Alpha_channel53,1.167716454950377,0.15505009376214954,0.7218908561163215,0.49721047270568425,2.742423569121027
Slope_Beta_channel80,1.1608854920551193,0.14918306913079485,0.8412630234252482,0.269616826816312,4.9984088217988125
Slope_Alpha_channel113,1.1602296008594248,0.14861791730773,0.7114419678964341,0.5279198593069471,2.5498808256192946
Slope_Gamma_channel46,1.1568485802798543,0.1456995669415615,0.9104020551497547,0.09145070537417893,14.634098580429134
Slope_Alpha_channel87,1.153664676586391,0.1429435509790367,0.7907590912162028,0.40132456089965246,3.3163736179505143
Slope_Delta_channel72,1.1526192746790276,0.14203698266303372,0.9450120884896128,0.020359374424939507,65.25402817555161
Slope_Theta_channel1,1.1497034156244748,0.13950400965639642,0.8874243376979393,0.16663689646013402,7.93232454503144
Slope_Beta_channel99,1.1491559707709202,0.13902773445040262,0.8704770196997105,0.21607130861079812,6.111683469910085
Slope_Beta_channel73,1.1488045643332914,0.13872189243527672,0.8687531202971318,0.2216451515196385,5.954346025548267
Slope_Beta_channel82,1.1487272435341425,0.13865458472801168,0.8698797411047434,0.21864283854990177,6.035296142280814
Slope_Alpha_channel116,1.143502021902151,0.13409550264892225,0.7381272637696041,0.5209970914826082,2.509796878852552
Slope_Alpha_channel85,1.1423080444889069,0.13305081609391153,0.8098651167029299,0.3864313456179422,3.37671279336167
Slope_Alpha_channel112,1.1402232083259662,0.13122404001788007,0.7596614594961473,0.49189720579244844,2.643050111884004
Slope_Alpha_channel115,1.1372896771701348,0.12864795555591538,0.7420959848479813,0.5285767012301605,2.4470011765322712
Slope_Alpha_channel111,1.137268288562904,0.12862914873054201,0.7760997945652958,0.46869090972961513,2.7595567426663745
Slope_Alpha_channel114,1.1365733343781623,0.12801788873831696,0.7378790950902421,0.5370188428166633,2.405500219776293
Slope_Alpha_channel94,1.1349388987268636,0.12657881576345426,0.7440938970869513,0.5307761520712868,2.4267976223437167
Slope_Alpha_channel62,1.1348934271105815,0.12653874970591275,0.7436313239922143,0.5316373091478207,2.422672503860483
Slope_Alpha_channel16,1.131783594555893,0.12379479061848768,0.7969820232653484,0.4407099183453034,2.906524340807382
Slope_Alpha_channel64,1.122716661672098,0.1157513390886924,0.7773107262816525,0.5033854807956161,2.5040307090381173
Slope_Alpha_channel102,1.1222684895141024,0.11535207394102552,0.7662297061584551,0.5246175542362714,2.4007709089906504
Slope_Alpha_channel109,1.1220743016660593,0.11517902742665981,0.785806518297731,0.4889451222208888,2.5750348684132662
Slope_Alpha_channel104,1.1187918463857394,0.11224939449799891,0.764534265999456,0.536737573119105,2.332043177572467
Slope_Theta_channel62,1.1178682873216752,0.11142355681024718,0.8677766772081391,0.3010926903342064,4.150314995732488
Slope_Alpha_channel110,1.1055737022641372,0.10036438780783692,0.818065936633541,0.4701161803255645,2.599981158469317
Slope_Theta_channel16,1.1013980081653256,0.09658028938748658,0.8948987721307022,0.2628187483428777,4.615643214341563
Slope_Theta_channel32,1.1003558896327603,0.09563366350761168,0.8900425107965094,0.2836096770376652,4.269188190248894
Slope_Alpha_channel8,1.0994830713382797,0.09484013420317962,0.8746393986950808,0.33845501581971943,3.5717095851915714
Slope_Alpha_channel39,1.0869849093605606,0.08340772520973394,0.873114587535835,0.39054402427509716,3.0253598051351007
Slope_Theta_channel37,1.0860022202061312,0.08250326589835669,0.9160251012020316,0.23431850336314847,5.033323469400973
Slope_Theta_channel36,1.08439847302298,0.08102543051060013,0.9250274092365935,0.20057592835269014,5.862717714694299
Slope_Alpha_channel107,1.0826725683677239,0.07943258469502741,0.8510172612784183,0.47261697955844756,2.4801899656484996
Slope_Alpha_channel25,1.0808283134588021,0.07772770408127266,0.8516247071955401,0.47867000105761076,2.440491028460336
Slope_Theta_channel81,1.0802508787166627,0.07719330926781835,0.9257044045405498,0.21325363989024548,5.472084610460614
Slope_Theta_channel58,1.0784721562749104,0.0755453694298115,0.9188038953935176,0.25235177929301605,4.609050885707167
Slope_Beta_channel15,1.0734763650289456,0.07090232135370786,0.9252018327214442,0.2443151098018194,4.716660820571061
Slope_Beta_channel30,1.068510217820411,0.06626535850196547,0.9281728870291057,0.2529616993667493,4.513387158786202
Slope_Beta_channel57,1.0656905371692589,0.06362298075452873,0.9073243401141331,0.3651152833221958,3.1105143303735905
Slope_Theta_channel35,1.0651524846794842,0.06311796701518413,0.9315450953055316,0.25233051473425455,4.4962846321371215
Slope_Alpha_channel17,1.0625665648913476,0.06068726916355241,0.875634443706663,0.49692497422587745,2.272068749581077
Slope_Beta_channel74,1.0540189824537727,0.0526104598751843,0.9486765762122251,0.21239145178603894,5.2307002284256345
Slope_Beta_channel45,1.0499403531782914,0.0487333560590164,0.9589122339110903,0.16443051358971486,6.70419815134062
Slope_Theta_channel18,1.0484429455565618,0.0473061545779473,0.9426238891303278,0.2891114463376124,3.802106848456223
Slope_Beta_channel76,1.046940371164985,0.04587197817963877,0.9546226961124777,0.21563930867103998,5.082951468960442
Slope_Alpha_channel48,1.0447898791696502,0.043815792634047765,0.9212478611200181,0.43830356868647197,2.490479132731331
Slope_Beta_channel114,1.042771385080967,0.04188196223366949,0.9607856332618203,0.19639034191464294,5.536790409053222
Slope_Beta_channel55,1.0427318674106223,0.041844064742690104,0.9455826002137148,0.313573801599289,3.4674125892158356
Slope_Alpha_channel35,1.0390083850257452,0.038266782369169944,0.935184244688233,0.4131319643500769,2.6130595483021875
Slope_Theta_channel60,1.0385307350592428,0.03780695952366899,0.9600801542870163,0.2363056004832343,4.564200279033223
Slope_Theta_channel5,1.03706133556483,0.036391074619608534,0.9686744633878853,0.1686638652973652,6.376565672957511
Slope_Theta_channel15,1.0315129588448702,0.031026616557254014,0.9604628972201351,0.3024988909766933,3.51743102538144
Slope_Beta_channel31,1.0302854591150612,0.029835908615930364,0.9672694228119827,0.2477622622714171,4.284301077704479
Slope_Alpha_channel79,1.0262808825672798,0.025941473967321958,0.9537048547539233,0.42747669049047265,2.4638827644955503
Slope_Alpha_channel56,1.0245023548942245,0.02420698727321369,0.9515667873319635,0.4691115899646756,2.237431557090387
Slope_Alpha_channel12,1.0207748175499298,0.02056196397604868,0.9689699114151545,0.3622433257234987,2.8764677059624812
Slope_Alpha_channel57,1.017629482548997,0.01747588581471894,0.9689932741717281,0.42159971802905,2.4562866611822174
Slope_Beta_channel72,1.0171148025413617,0.01696999421705378,0.9837708622261429,0.19826901656175025,5.217771992259589
Slope_Alpha_channel55,1.0107604539922475,0.010702972292328142,0.982002256814765,0.3988379553626706,2.5615332784103293
Slope_Theta_channel68,1.0104221857544107,0.010368249210561125,0.9900800497948419,0.1970916381893599,5.180092888993186
Slope_Theta_channel107,1.0072350477808303,0.007209000383287588,0.9923295357542644,0.23165365926809395,4.379479455163449
Slope_Alpha_channel51,1.0069025532222167,0.006878839661926412,0.9894151290198462,0.3644442727112337,2.7819143490525966
Slope_Alpha_channel46,1.0052638927577924,0.005250086901481604,0.9921180786005283,0.3547348343085147,2.8487630656640417
Slope_Theta_channel79,1.004707275362551,0.004696230788221145,0.9943649831558439,0.2729171954568835,3.698692225957289
Slope_Beta_channel59,1.0025454941761913,0.0025422598932936333,0.9971971621537564,0.24270900460541972,4.14116266319416
Slope_Alpha_channel105,0.9983267318798451,-0.0016746695968381732,0.9966403642037488,0.45786153571208205,2.176763466352023
Slope_Theta_channel11,0.9967167691934139,-0.003288632435287168,0.9970795023019177,0.1713181270152516,5.798827802401293
Slope_Theta_channel89,0.993800181527089,-0.006219117154355155,0.9936640550712246,0.21412554123826252,4.612428741998164
Slope_Theta_channel70,0.9924278422726953,-0.007600972063585974,0.9927138407556143,0.1941796667377563,5.072173820589484
Slope_Theta_channel29,0.991880542704955,-0.00815259960874176,0.9902944524470367,0.26667529482595176,3.6892319239349876
Slope_Alpha_channel27,0.9909087046665024,-0.009132873349447013,0.9841091894003132,0.40339241495959494,2.4341064050056467
Slope_Alpha_channel61,0.9907484893844956,-0.009294571631911669,0.9806125746326937,0.4681634241021767,2.096666502941993
Slope_Alpha_channel65,0.9901459639359557,-0.009902908402315098,0.9792401341382587,0.46963600824424656,2.087550811028923
Slope_Beta_channel115,0.9882407530395092,-0.011828933753232424,0.9884377405893326,0.1995548140085425,4.893992614612089
Slope_Beta_channel116,0.9843022670331318,-0.015822247156357647,0.984563812255612,0.19816434827519205,4.889128449791148
Slope_Theta_channel19,0.9835988858005671,-0.016537101417716405,0.9794078534428542,0.28019450961098824,3.4528398486155645
Slope_Alpha_channel101,0.9813847378258151,-0.018790706878056465,0.9617137862090369,0.4556571847040846,2.113685542482812
Slope_Theta_channel22,0.9796426176464896,-0.02056744969886412,0.9763474916828029,0.2515233468533295,3.8155490148948066
Slope_Theta_channel20,0.979497134589235,-0.020715966982897575,0.975023209467575,0.26778947927060237,3.582719676970691
Slope_Theta_channel59,0.9767741759014591,-0.023499793982436276,0.9714608192754894,0.26957373588618216,3.5392460900226723
Slope_Beta_channel109,0.9711550904306566,-0.029269101065406374,0.9715395390683086,0.19452675634664257,4.84839323588328
Slope_Beta_channel95,0.9677485878584119,-0.032782948726258546,0.9670083805514582,0.2046868806269796,4.575463392833132
Slope_Theta_channel44,0.9637639728487112,-0.036908855793396644,0.9716020900139707,0.12631353702082718,7.3534556728308536
Slope_Theta_channel47,0.9634257848566576,-0.03725982070919989,0.9702852703252282,0.13564501061490256,6.842782043504754
Slope_Beta_channel89,0.9585471336720662,-0.04233654329537479,0.9574044107077284,0.2027234755650656,4.532344391343242
Slope_Alpha_channel15,0.95682589664477,-0.04413383026077137,0.921920791607684,0.3958722284232463,2.3126547677682647
Slope_Alpha_channel18,0.9560417083157977,-0.04495373893701178,0.9187261828934496,0.4031568429465757,2.267146804104996
Slope_Beta_channel90,0.9550882492901834,-0.045951535137029285,0.9478674178100593,0.24089800111831772,3.7866381609541095
Slope_Beta_channel93,0.954001061953394,-0.04709049437577616,0.954723377982831,0.187740976458769,4.847732462966498
Slope_Alpha_channel60,0.9499874792812519,-0.05130647417834889,0.898066020040819,0.4333196542291833,2.0827031545488737
Slope_Theta_channel14,0.943994150545908,-0.05763530931144045,0.9446729029184451,0.1853711122615083,4.80724825671734
Slope_Alpha_channel26,0.942893826455737,-0.058801593932791364,0.8721701785308903,0.46067263298766575,1.9298927357643694
Slope_Alpha_channel58,0.9404713430250228,-0.06137410064144978,0.8966577365368555,0.3725023659769385,2.374444910521853
Slope_Alpha_channel20,0.9368161775909557,-0.06526819785653724,0.8801345857622535,0.4010882113965186,2.1881085647977403
Slope_Theta_channel64,0.9298903292444272,-0.07268862533222574,0.9135447755848851,0.25034349435935366,3.4540383269600285
Slope_Beta_channel91,0.9275175942977089,-0.07524351508725018,0.9279953339273606,0.18137480608597337,4.743155382473707
Slope_Gamma_channel39,0.9268368940238506,-0.07597767924919428,0.9521057792728465,0.07767025065559356,11.059918319729462
Slope_Gamma_channel44,0.9243843004140504,-0.07862738426783561,0.9636313597075682,0.0314808336696129,27.1430656449474
Slope_Alpha_channel103,0.9210211384686227,-0.08227229134133072,0.835873561314121,0.4229061094193795,2.0058351454668433
Slope_Alpha_channel29,0.9171982862816463,-0.0864315964239815,0.8458490394798754,0.38374879724676164,2.19219630756794
Slope_Beta_channel9,0.9154334966348088,-0.0883575590846803,0.9022802050258063,0.223395277167589,3.7512811254839504
Slope_Theta_channel99,0.9112391760718714,-0.09294987384024359,0.9029626198867223,0.20449758856866887,4.060472506399824
Slope_Alpha_channel93,0.9104948305074896,-0.09376705747200952,0.8168121666305664,0.4118362472932449,2.012938010749157
Slope_Theta_channel42,0.908887321790855,-0.09553415091404095,0.9277858014779947,0.1151485136145365,7.174006313945751
Slope_Theta_channel21,0.9054740435702978,-0.09929666737013633,0.8941745515018732,0.209647613216205,3.9107683173765397
Slope_Gamma_channel10,0.9054128282162852,-0.09936427551837543,0.9321034743452477,0.0920702245494022,8.903773109174363
Slope_Theta_channel28,0.9052239044727716,-0.09957295762538053,0.8890565259556262,0.22344637934834158,3.6672347057880907
Slope_Theta_channel66,0.9045588623912242,-0.10030789899365794,0.8801570565444844,0.24554404890394674,3.3323012273475388
Slope_Beta_channel8,0.9034865742840689,-0.10149402873478244,0.8933976908874577,0.20475567101028413,3.9866441104362043
Slope_Theta_channel57,0.9006792368366303,-0.10460609271013964,0.8700937058898719,0.2571041554705901,3.155231334879805
Slope_Theta_channel93,0.8976310399297177,-0.10799616378474594,0.8825569524519147,0.21420607859512292,3.7615248322073147
Slope_Alpha_channel91,0.8928189433868411,-0.11337146962897722,0.7891973585021027,0.3888750288350387,2.0498247677624395
Slope_Theta_channel90,0.888221620934614,-0.11853399400359324,0.8644791069141795,0.22769934636397826,3.4648217506720167
Slope_Theta_channel8,0.8879623220776541,-0.11882596698288068,0.8830381423374011,0.1823436391108457,4.324127176984928
Slope_Beta_channel62,0.8876800782861285,-0.11914387310389342,0.8786001220862405,0.19244192078555525,4.094616797470736
Slope_Theta_channel85,0.8855781444273522,-0.12151457672314049,0.8717451880200284,0.20255494468601531,3.871782301355677
Slope_Delta_channel49,0.8815750180271598,-0.12604517806851992,0.9484123323662239,0.019364653634724102,40.13366451419413
Slope_Alpha_channel99,0.878928709071949,-0.12905148916865275,0.7670321634344566,0.3742548198696665,2.0641435583913377
Slope_Theta_channel4,0.8770824482552747,-0.13115427933519053,0.8916381303881648,0.13291177406746674,5.78785157624169
Slope_Beta_channel49,0.8747120585018034,-0.13386052277984936,0.9009069665698555,0.10636077169550254,7.193640785899031
Slope_Gamma_channel47,0.8708210909780115,-0.13831872968306597,0.9216472167295342,0.0553241791067691,13.707015354509798
Slope_Beta_channel83,0.8686137130709336,-0.14085677145027722,0.8611520403023962,0.17919964789493192,4.2103307199422915
Slope_Alpha_channel10,0.8650910511268453,-0.14492051617153384,0.8058942112551193,0.272303712772348,2.7483375790965234
Slope_Beta_channel12,0.8594758158401893,-0.15143259203015533,0.854923764764898,0.16953000660058207,4.357332916022093
Slope_Theta_channel75,0.859324945226057,-0.15160814537867282,0.8640065097338598,0.1516009241173888,4.870942349374941
Slope_Theta_channel24,0.8538449249401259,-0.15800568840359602,0.8199176824021259,0.21907121657622466,3.327918506319792
Slope_Beta_channel35,0.8532915662831766,-0.15865397713642387,0.8528472832582427,0.15959962250240958,4.562081574340842
Slope_Theta_channel23,0.8531898269766844,-0.15877321583075082,0.8226738593168161,0.2128114858844804,3.420552597671563
Slope_Alpha_channel19,0.8511758121109952,-0.1611365770214905,0.6927534865825133,0.3827242504291824,1.8930085102011862
Slope_Theta_channel7,0.8511577536832715,-0.16115779310755887,0.8354485438705083,0.1860410364042286,3.894138280766349
Slope_Beta_channel10,0.8467654456817233,-0.16633154631484165,0.8069004150868095,0.22311213419911888,3.213683211692388
Slope_Gamma_channel2,0.8460941105927126,-0.16712468372747033,0.9093272523151367,0.04767773320814737,15.014875830072839
Slope_Theta_channel48,0.840969938970389,-0.1731993640352061,0.8573320932550544,0.12726137390838707,5.557306325806139
Slope_Beta_channel41,0.8401468548051999,-0.17417857527621539,0.871901911911217,0.10112709416099844,6.979798475325839
Slope_Theta_channel10,0.8397789967532773,-0.17461652086466,0.8213401768239363,0.18449029808377987,3.822579131330179
Slope_Theta_channel69,0.8384716851208768,-0.17617446677934978,0.8371699490093404,0.1562459039294134,4.499540461982606
Slope_Delta_channel78,0.836810993911759,-0.17815704771791702,0.9301135718319326,0.01561360689876187,44.84887086449671
Slope_Theta_channel103,0.8365386668718447,-0.1784825350308208,0.8246776682222398,0.1724635884915393,4.057650355605663
Slope_Beta_channel51,0.8364332177466429,-0.17860859707204324,0.8212277790913135,0.17767355745279348,3.93767388788783
Slope_Theta_channel76,0.8363533357662143,-0.1787041047509179,0.7919456329137203,0.22168364626672715,3.155338312171479
Slope_Beta_channel14,0.8339754201511111,-0.18155134929857927,0.8021180162630033,0.20160586966248997,3.4498747609907876
Slope_Alpha_channel52,0.8330484208607629,-0.18266351022044844,0.7209239718003826,0.3057846523656747,2.269471885295022
Slope_Alpha_channel22,0.8324089481650716,-0.18343143468253234,0.6427913068978087,0.3834325272413191,1.8071097461932095
Slope_Theta_channel9,0.8294697193037265,-0.18696867477536502,0.7876533762880848,0.21279473327201942,3.233256785365521
Slope_Alpha_channel28,0.826756742674181,-0.19024477151493005,0.6669655530426681,0.34758236784040725,1.9665172195128835
Slope_Alpha_channel32,0.8229623603080829,-0.1948448140920225,0.6667035087286926,0.3390651429884604,1.9974540600503443
Slope_Theta_channel39,0.8227124939486565,-0.19514847840420432,0.7823438840598698,0.20605204935370597,3.2848780190355553
Slope_Theta_channel56,0.8175702264299538,-0.20141847601040472,0.7461379779571133,0.24150925967951703,2.7676830115405147
Slope_Theta_channel26,0.8158356654398535,-0.20354233469213454,0.7754684462193306,0.20145463665310956,3.303909227712555
Slope_Alpha_channel95,0.8149103904744391,-0.20467712212436737,0.6409628575859478,0.34476803655659527,1.9261615755792116
Slope_Alpha_channel30,0.8106967996174422,-0.20986115467427158,0.6250195061755093,0.3494344860191075,1.8808369728969028
Slope_Gamma_channel8,0.8103873182328962,-0.21024297494491404,0.8743212182142307,0.059878641080063355,10.96764378260687
Slope_Beta_channel39,0.8101432140743005,-0.21054423944512,0.7719693051242661,0.1950519895383031,3.364908139948766
Slope_Alpha_channel13,0.8099480757961681,-0.2107851373257469,0.6836447572160369,0.2938700398071055,2.232333333185377
Slope_Delta_channel86,0.8074247186521352,-0.21390545590666976,0.9132206118194247,0.017231528929138686,37.83382652644662
Slope_Beta_channel53,0.8066746009004776,-0.21483491272084768,0.7676653168496697,0.19395904552828333,3.3549552173015593
Slope_Theta_channel101,0.8063323139301665,-0.21525932128636827,0.7733619658625726,0.18631940183097712,3.489555001243462
Slope_Gamma_channel31,0.8022383884342209,-0.22034947284671902,0.8653844365475882,0.06279155459190011,10.249569963036981
Slope_Gamma_channel87,0.7993033128496431,-0.22401478967009647,0.8683446043478614,0.056542379639522335,11.299237669258657
Slope_Theta_channel2,0.7972477676982195,-0.2265897730981234,0.8089122566344045,0.12706715064062665,5.002111087683232
Slope_Theta_channel54,0.7952427815417521,-0.22910782536138272,0.776244373962136,0.16381126700110646,3.8606079616610938
Slope_Theta_channel91,0.7930961157375,-0.2318108594745195,0.7611696630377606,0.17788410926238687,3.5360182053704725
Slope_Theta_channel33,0.7849107639323721,-0.24218524418066503,0.795084452811309,0.12620258540084994,4.881713836369242
Slope_Theta_channel97,0.7835527608325383,-0.24391687952663235,0.7446859394333107,0.18051509402637697,3.4011279351442014
Slope_Theta_channel63,0.7787608865269857,-0.2500512294892801,0.7161111672307146,0.20235913276477188,2.996991092511122
Slope_Theta_channel113,0.7759459121949339,-0.25367246200785487,0.7362293701330584,0.17734401492326393,3.395051470513684
Slope_Gamma_channel85,0.7752247729432942,-0.25460226207499476,0.8397080171108606,0.0657632300228615,9.138441776294496
Slope_Beta_channel58,0.7751997428009193,-0.25463455018979547,0.7425470258234941,0.16965823853913242,3.542030416047277
Slope_Beta_channel105,0.7742276161258118,-0.2558893709428484,0.7576090591692175,0.15244302223711598,3.9321471903087994
Slope_Alpha_channel23,0.7693716911864891,-0.2621810827038591,0.5545289258786582,0.322489566722199,1.8355099211909225
Slope_Theta_channel84,0.7662885345763053,-0.26619650317394844,0.7410559618384678,0.158019786199702,3.7159784375420757
Slope_Alpha_channel97,0.7634959664756186,-0.2698474372770006,0.571308400469799,0.29996875093793113,1.9432893893176115
Slope_Beta_channel2,0.7613399659589687,-0.2726752850572562,0.8092508359549094,0.08318935507759048,6.967700894252353
Slope_Theta_channel25,0.7608256668310068,-0.2733510316862085,0.7093100394886378,0.1807687709045894,3.2021885882842502
Slope_Theta_channel3,0.7602733968957961,-0.27407717763244904,0.7829336306477102,0.10818281253261393,5.342952586421417
Slope_Alpha_channel24,0.7564701931394688,-0.27909214753529515,0.5432441349862173,0.30761477914761076,1.8602719761844377
Slope_Delta_channel56,0.7527057544614034,-0.28408089187800417,0.8788395845469078,0.0195148614510869,29.03253780301653
Slope_Theta_channel112,0.7397880199982708,-0.30139159328306664,0.6885903242109594,0.16942411061887988,3.2302740886985344
Slope_Alpha_channel31,0.7372189962221313,-0.30487028544720207,0.4646507168265477,0.32560957353211706,1.6691519309310436
Slope_Theta_channel77,0.7303429801021952,-0.31424101942152816,0.7269951864794721,0.12513441345722268,4.262623317181242
Slope_Delta_channel24,0.7189549969043978,-0.329956514451717,0.8989513965311026,0.004415375380210413,117.06734831437373
Slope_Gamma_channel110,0.7080906190714188,-0.3451832004401003,0.7772947690237624,0.0647573775582877,7.742628619660289
Slope_Gamma_channel62,0.7027786188676122,-0.3527133459156822,0.7431143858891116,0.08525776250890238,5.792994943843347
Slope_Theta_channel80,0.6998600890932114,-0.35687483663993097,0.6621124273413539,0.14121391175263115,3.4685261404242027
Slope_Theta_channel95,0.6989836846953688,-0.3581278779429496,0.6568129027837728,0.14400701111338718,3.3927389207850553
Slope_Beta_channel101,0.6887849529650139,-0.37282617139611596,0.6423754797772434,0.14279038740827935,3.322525556811452
Slope_Theta_channel40,0.6848901110119191,-0.37849687546928795,0.6759698714493669,0.11609267939684743,4.040517167826319
Slope_Gamma_channel11,0.6846636231646508,-0.3788276224033894,0.8113797415254097,0.03049854048750279,15.370056054880058
Slope_Beta_channel37,0.684437927962343,-0.3791573206703534,0.6752119856279943,0.11616723370400198,4.032593893274805
Slope_Beta_channel85,0.6829605322407424,-0.3813182069657266,0.618048830974785,0.1525592335119257,3.057403199145572
Slope_Gamma_channel6,0.6807529005221171,-0.384555886663027,0.8028362084666584,0.03326317936524709,13.932057019584084
Slope_Gamma_channel34,0.6803797089517226,-0.38510424113950964,0.8348389617621796,0.018220449439107726,25.406428633952537
Slope_Theta_channel114,0.6770810220972167,-0.3899643350959821,0.61090195270385,0.15074011984318783,3.0412521295665482
Slope_Theta_channel34,0.6722680209246054,-0.39709817731316704,0.6823922071715367,0.10034980425803845,4.503688824302644
Slope_Theta_channel105,0.6621230199689692,-0.4123039095406918,0.6145880775960466,0.13303290856517938,3.2954770237022277
Slope_Beta_channel103,0.6618864641532131,-0.41266124205395555,0.6161273632240909,0.13187253836528617,3.3220994822722347
Slope_Theta_channel100,0.659499030313434,-0.4162747771618093,0.5461405916546331,0.1706612159616342,2.5485519280615994
Slope_Delta_channel76,0.6588419053236718,-0.4172716741349974,0.8360057708142167,0.01267558791954975,34.24477499312276
Slope_Gamma_channel109,0.6562683478824506,-0.42118550678912015,0.7317060647287532,0.05907664416677429,7.29032853011288
Slope_Beta_channel43,0.65460776771068,-0.4237190506385627,0.7184427006910555,0.06540668406763665,6.55149142103028
Slope_Theta_channel98,0.6372028721287608,-0.45066719353524565,0.5138802938211574,0.16468303719326624,2.4655089386810514
Slope_Theta_channel67,0.6367623016367229,-0.45135884589541053,0.5297556188490268,0.1557999180292183,2.6024803729977366
Slope_Gamma_channel83,0.6363372650158333,-0.45202656529115115,0.720724405021216,0.05338164694381543,7.58547437238153
Slope_Beta_channel6,0.6303558918981987,-0.4614707113219713,0.6216793457508116,0.10082855363772754,3.9408335844866835
Slope_Theta_channel96,0.6278927593462038,-0.46538589246829165,0.5111902721247025,0.15664754143041867,2.5167922435253254
Slope_Theta_channel41,0.6261412896060988,-0.46817923110279436,0.5565952939493263,0.13146729905545274,2.9821325711135285
Slope_Theta_channel115,0.6232009770920125,-0.47288621656416313,0.5307094042058254,0.14209203243018348,2.7332951130758736
Slope_Delta_channel19,0.6219327818872074,-0.4749232597881473,0.8342403970005929,0.007277261221131945,53.15191710622634
Slope_Theta_channel50,0.6186291970734914,-0.4802492212134147,0.6421517816049733,0.08160796385238232,4.689518833775199
Slope_Theta_channel111,0.6149443351213917,-0.48622352726981427,0.5285759529521723,0.13554441716928894,2.7899086011457763
Slope_Theta_channel49,0.6059588796556153,-0.5009431505688713,0.6359072869962161,0.0761679330011312,4.8207447591893455
Slope_Beta_channel7,0.6026145417268051,-0.5064775209362017,0.5568309608424294,0.11124912121275929,3.2642440851834587
Slope_Theta_channel116,0.5888700861990345,-0.5295496863838668,0.4852058352182679,0.13310625106921076,2.6051967930473126
Slope_Theta_channel38,0.5863678349632296,-0.5338079816139178,0.5375639625439418,0.10743420364775404,3.2003517148670486
Slope_Gamma_channel59,0.5788048967847409,-0.5467898240243468,0.6351747471006552,0.06047273941762793,5.539936040078531
Slope_Beta_channel46,0.577573790920654,-0.5489190682629274,0.5291232725062686,0.10451617209699392,3.1917690560736687
Slope_Theta_channel94,0.5730008430947815,-0.5568680908988787,0.42831901564446495,0.14444934935280712,2.272976428473957
Slope_Beta_channel81,0.5694432098346964,-0.5630962204092651,0.5297733858959375,0.09832140211272146,3.2980161212010057
Slope_Beta_channel33,0.5688355110541973,-0.56416397091199,0.5296543679218157,0.09793972538338584,3.3038058598761384
Slope_Theta_channel71,0.5666812648775638,-0.5679582763891203,0.4833264958929062,0.11578399754079438,2.77350638070768
Slope_Gamma_channel57,0.5643122735702192,-0.5721475041634391,0.5645987094436464,0.0805465358949855,3.9535945098517287
Slope_Theta_channel109,0.5638603781745245,-0.5729486145593768,0.4504639581932608,0.12732439826834874,2.4970746408322375
Slope_Gamma_channel107,0.5622655115823982,-0.5757811001152646,0.6832762507429955,0.03537459735158974,8.936992338679117
Slope_Theta_channel78,0.5587110887150525,-0.5821227753629028,0.5614514050201991,0.07832152876486154,3.9855973903462276
Slope_Delta_channel73,0.5586364147647457,-0.5822564382568285,0.7869945787842658,0.008184111511482508,38.13176830048818
Slope_Gamma_channel22,0.5578763327905046,-0.5836179669869266,0.6297847772895648,0.05199301299213991,5.985919737616125
Slope_Theta_channel88,0.5470402700147571,-0.6032328594989216,0.5338216136718763,0.08179807543631838,3.658436404787951
Slope_Theta_channel86,0.5451096171185739,-0.6067683722156294,0.5665852602148831,0.0684316254387183,4.342210093215689
Slope_Theta_channel43,0.5448335704716585,-0.6072749062367794,0.5767865344642704,0.06457084911428322,4.597176954998928
Slope_Beta_channel4,0.5402111373197068,-0.6157952208059632,0.655965175358568,0.03597163804830212,8.112726823626694
Slope_Theta_channel92,0.5399899024510968,-0.6162048387632841,0.37729777731155245,0.13749752626813944,2.1206861146032945
Slope_Theta_channel27,0.5396979522068415,-0.6167456436822454,0.465101276310114,0.10315078716115345,2.823767880328419
Slope_Beta_channel107,0.5357784574364053,-0.6240345290322861,0.48634187619551794,0.09245896666857083,3.1047129964357745
Slope_Gamma_channel105,0.5291124335800049,-0.636554329858451,0.5981898401221948,0.04959143118942441,5.6453294582201465
Slope_Theta_channel110,0.5256948213476521,-0.6430344221703459,0.4011812372489427,0.11715117948987373,2.3589608435451335
Slope_Theta_channel6,0.5229364566133115,-0.6482953201699758,0.49270381332499713,0.08204447267662625,3.3331012892620238
Slope_Delta_channel58,0.5203212408798006,-0.6533088872258747,0.724552337214069,0.013745432632369901,19.696302106426835
Slope_Beta_channel47,0.5161655925476112,-0.6613276491930883,0.508274048762114,0.07275196576896066,3.6621267358757277
Slope_Gamma_channel96,0.5114110661508856,-0.6705815774250949,0.6028720100232957,0.04089381208619696,6.395619905287933
Slope_Gamma_channel95,0.5082241372284595,-0.6768327136937271,0.5603426348053413,0.052086124934082684,4.958936261595419
Slope_Theta_channel104,0.5065620586941081,-0.6801084382300994,0.36847783555226066,0.11505873531544329,2.230209802019015
Slope_Delta_channel68,0.504081137489122,-0.6850180367862068,0.7337182210121383,0.009737790560816409,26.09398832162023
Slope_Gamma_channel51,0.501829944917288,-0.6894939718257377,0.5807204640435684,0.04344855103426227,5.7961263982566384
Slope_Gamma_channel101,0.4982077362820286,-0.6967381478080857,0.574662825045477,0.04371461002624424,5.677986109043383
Slope_Delta_channel54,0.49724519450688126,-0.6986720254337555,0.7326428685796498,0.00902974734008104,27.382026777503064
Slope_Theta_channel74,0.4943747329834966,-0.7044614805696003,0.43093908651564705,0.08564325141444447,2.853772744215107
Slope_Delta_channel70,0.4923496145942536,-0.7085662160767839,0.7247264869595089,0.009540118532112712,25.409342889729007
Slope_Gamma_channel12,0.48926796974242104,-0.7148449442186293,0.5179849718674374,0.05601368620048681,4.273654573617228
Slope_Theta_channel108,0.4828763706027937,-0.7279946195781953,0.36189790077483486,0.10096950291100198,2.3093070933710576
Slope_Beta_channel87,0.4814658735786194,-0.7309199254818523,0.38656603025340996,0.09204940162694247,2.5183149843852273
Slope_Theta_channel102,0.4801949197582315,-0.7335631746798691,0.3262361902110682,0.11101529824272417,2.077075543745853
Slope_Gamma_channel103,0.4781297969638081,-0.7378730415861847,0.5369599108119953,0.04594911237594524,4.975245242481129
Slope_Theta_channel106,0.4737258475133733,-0.7471265053872163,0.3478069603156272,0.09957524475082256,2.253734642217989
Slope_Gamma_channel33,0.4428763991062203,-0.8144645566567656,0.629284469957788,0.016223457193812844,12.08987101467461
Slope_Gamma_channel30,0.43887933726432415,-0.8235307618552214,0.5648528267690988,0.026583015322708285,7.245794742970065
Slope_Gamma_channel58,0.4230046152726683,-0.860372189185291,0.4996060982010263,0.034798311599397946,5.141999606241641
Slope_Delta_channel47,0.41990003259045006,-0.8677386136772031,0.6724805974514776,0.007515347952929672,23.460794959031613
Slope_Gamma_channel56,0.41919908639268716,-0.8694093253844373,0.3980972057741552,0.055802752781745756,3.149089700283529
Slope_Beta_channel34,0.41689675472957444,-0.8749166784155027,0.40800147176505763,0.05247597303897967,3.3120472863828256
Slope_Delta_channel90,0.4150471915703186,-0.8793630505891831,0.6599331159752717,0.008259388778193792,20.856769896244113
Slope_Delta_channel23,0.4144682464225913,-0.8807589142831277,0.7231742384518738,0.0031695584113544634,54.19806326244942
Slope_Gamma_channel9,0.41023213968555605,-0.8910320851563155,0.4895443626823227,0.03276982441635573,5.135529757278598
Slope_Gamma_channel108,0.4075644129503052,-0.8975562902030368,0.5025520434408333,0.029560491093036066,5.619282513972143
Slope_Gamma_channel116,0.40691981451984865,-0.899139128871476,0.4684243226351803,0.035803158184639444,4.62483601572076
Slope_Delta_channel45,0.39279623004559683,-0.9344643001914765,0.6179938994402732,0.009980932732700804,15.458362707177903
Slope_Gamma_channel90,0.38856876269551155,-0.9452851294810227,0.45386450479330265,0.03274768516937396,4.610575757089678
Slope_Gamma_channel98,0.3746200004430861,-0.9818430989316295,0.4278646966048827,0.033074108861957996,4.243202600490854
Slope_Gamma_channel55,0.36985430084453247,-0.9946461323974256,0.33487818143544357,0.04898619363558759,2.7924644415282933
Slope_Delta_channel111,0.36124395650711366,-1.0182017690875058,0.7067352935671395,0.0017957981915924502,72.66807413209004
Slope_Theta_channel45,0.3591406201011769,-1.0240412677418842,0.35410600440316653,0.04117236719966179,3.1327318242638578
Slope_Gamma_channel115,0.35768819596773493,-1.0280936330723083,0.400966085453627,0.03247682245036242,3.9394508416024236
Slope_Beta_channel3,0.3532758551934513,-1.0405060677577793,0.39978212868158103,0.03135090135295973,3.9808689535773754
Slope_Gamma_channel17,0.3477175078401709,-1.0563648879424457,0.38557874758551347,0.031981838742886876,3.7805038737952645
Slope_Gamma_channel84,0.3470566406226898,-1.0582672828955555,0.4869438904786686,0.01756380196455,6.857758476405873
Slope_Gamma_channel50,0.34511014346497904,-1.063891656482035,0.5564609380185122,0.009956885351775942,11.961673446523626
Slope_Delta_channel31,0.34340777904407976,-1.0688366777640395,0.6514747036318085,0.003324420896159349,35.47351746110995
Slope_Delta_channel112,0.33837879265144905,-1.0835893226835953,0.6866551979833417,0.0017496305251634983,65.44250667183154
Slope_Theta_channel82,0.3382209988960847,-1.0840557542734255,0.26046429463896603,0.05119092845366211,2.2346428859522245
Slope_Gamma_channel81,0.33671534289153454,-1.0885173854198917,0.5362445195258776,0.010695757208875618,10.600205289297364
Slope_Gamma_channel53,0.331422986058707,-1.1043598159281718,0.3614134689305448,0.03093195035972597,3.5510594841470255
Slope_Gamma_channel37,0.32511834561860353,-1.123566022570478,0.3436127010984914,0.031782634390047665,3.3257765029974036
Slope_Gamma_channel94,0.3212826605457392,-1.1354339808720049,0.3222598585904817,0.03392100265919388,3.043027619331631
Slope_Beta_channel1,0.3192044352877433,-1.141923518491291,0.3592250689883376,0.027790808303198914,3.6663730826295784
Slope_Gamma_channel26,0.31194245169108226,-1.164936557893664,0.35001756694421626,0.027104380186527346,3.590124271331307
Slope_Delta_channel46,0.31002710088972096,-1.1710955630991389,0.5662064432114433,0.005671265275130949,16.948035160260748
Slope_Delta_channel60,0.3080397292605933,-1.1775265132213775,0.5759354001756576,0.004973068978590068,19.08046624960383
Slope_Gamma_channel93,0.3056286538771214,-1.185384463398302,0.3812670197462851,0.021517557856449255,4.341053696423302
Slope_Gamma_channel19,0.3051716793677789,-1.1868807775609906,0.33297346303026965,0.027607369641351447,3.3733657026367663
Slope_Gamma_channel88,0.3025578113615459,-1.1954829078318063,0.42249120133671636,0.016298708771867742,5.616471249176059
Slope_Delta_channel30,0.2992498054918683,-1.2064765845296683,0.6598276154257956,0.0013894646990296059,64.44960145404376
Slope_Theta_channel72,0.29244284260900066,-1.2294860412889832,0.27306195929450583,0.032449038329143365,2.635604030102254
Slope_Delta_channel25,0.2869167646081938,-1.2485631240728785,0.5984411313610449,0.002752535154199922,29.907421777202334
Slope_Gamma_channel15,0.28457811223307405,-1.2567475034059061,0.40465131920379704,0.014808868169123395,5.468662495827589
Slope_Gamma_channel100,0.2822016820779992,-1.265133278992955,0.31546573757743557,0.02386566012351443,3.3369196140184028
Slope_Gamma_channel102,0.280066043921897,-1.2727298324764815,0.2650627623092999,0.029868581870621032,2.6260700724868746
Slope_Gamma_channel97,0.2728711875595219,-1.2987554355902182,0.3154174388586356,0.021615789375974047,3.444643344041121
Slope_Gamma_channel89,0.27059183876580795,-1.3071437234718537,0.3641685374522585,0.016076643801469004,4.554429650296196
Slope_Beta_channel5,0.26719675792295733,-1.3197699709151245,0.2610234596387777,0.026751726117870706,2.6687663865116624
Slope_Gamma_channel25,0.2635894273013069,-1.3333625860302958,0.33038356347895304,0.017983854181216875,3.8634313582011948
Slope_Gamma_channel91,0.26356303293855726,-1.3334627254197988,0.3410294988876923,0.016934657353391194,4.101970939368338
Slope_Beta_channel44,0.2623561949972062,-1.3380521756454344,0.3862122033294284,0.012719605898242529,5.411391956956972
Slope_Gamma_channel14,0.26103913113401184,-1.34308495518096,0.2821413717034983,0.022581136987697887,3.0176260841215843
Slope_Delta_channel38,0.25685947485725386,-1.3592261340700256,0.5799563635022549,0.0020855046885602867,31.63588659658723
Slope_Gamma_channel114,0.24870171476802888,-1.3915010332708186,0.28588250816555727,0.019311305177665553,3.20291882705543
Slope_Delta_channel10,0.24815309005082725,-1.3937094246755128,0.6159642803286653,0.0010703598044549073,57.532014791170404
Slope_Gamma_channel24,0.24273058801400016,-1.4158031419948438,0.2960654732455651,0.017052376389617332,3.455127720116225
Slope_Gamma_channel106,0.24231503965746587,-1.4175165826878187,0.2889177719302968,0.017644975110379227,3.3276656995486866
Slope_Gamma_channel68,0.23591679076456584,-1.4442761176340773,0.2575738446359398,0.019358921309175534,2.8749913941884944
Slope_Gamma_channel67,0.2337288748035909,-1.4535934900692262,0.24644060409997526,0.020007298662657623,2.730462909463867
Slope_Gamma_channel23,0.23347084493534104,-1.4546980707595965,0.2713709790960461,0.017477025949438924,3.118873634021924
Slope_Delta_channel51,0.23175960921364824,-1.4620546116907056,0.5077660743590657,0.003062191218925193,17.540549437574207
Slope_Gamma_channel63,0.22962634229346124,-1.4713018898745533,0.22205002046069933,0.021647407175433515,2.4357770262164387
Slope_Gamma_channel92,0.22693241684945747,-1.4831030289592073,0.23107614031599044,0.0200338475267089,2.57056572625298
Slope_Gamma_channel65,0.2233157151686069,-1.4991687456817473,0.19760865291805352,0.022827896805277886,2.1846037357999735
Slope_Beta_channel42,0.22248180204209833,-1.502909969295549,0.31668189275256087,0.011740209550033723,4.2161216994425175
Slope_Gamma_channel29,0.21956485972058915,-1.5161076016385446,0.33185742117449923,0.010272048849917727,4.693194933989056
Slope_Gamma_channel104,0.21632007627691083,-1.5309961335161408,0.21047345197862743,0.019698501333681565,2.3755297221741922
Slope_Delta_channel36,0.21599664247761538,-1.5324924155038966,0.5884565610780929,0.0008386399922221949,55.63120050831279
Slope_Gamma_channel45,0.21384499674446372,-1.542503840680814,0.36705961224494976,0.007489571965346317,6.105780523136368
Slope_Gamma_channel21,0.2094547269649858,-1.5632476633787975,0.2857171133123979,0.011875861547905453,3.6941557857513354
Slope_Delta_channel13,0.20471074161287756,-1.5861573127875124,0.3677567865676191,0.006488188885051726,6.458888369949212
Slope_Gamma_channel20,0.20394849521393366,-1.5898877914564598,0.24522578691992003,0.013960519457539903,2.9794728503145325
Slope_Delta_channel53,0.20343936362633058,-1.5923872859387838,0.45543465834531116,0.00310760648040813,13.318151745922101
Slope_Delta_channel100,0.2026599437541893,-1.5962258584998048,0.39872236236152325,0.00497440651914557,8.256472936897351
Slope_Delta_channel71,0.20040334925285788,-1.607423197072473,0.41541951424870227,0.004186310509617673,9.593531655020692
Slope_Delta_channel104,0.20001860792936438,-1.609344877115198,0.42622731084089516,0.003796584101872803,10.537747207618994
Slope_Theta_channel73,0.19540282923539118,-1.6326920602797554,0.16944406628457231,0.01903103078941958,2.00631621564204
Slope_Beta_channel40,0.19480358120549618,-1.6357635039308989,0.23472137322423547,0.013117574646288857,2.892946011267599
Slope_Delta_channel5,0.19442039269242625,-1.637732491776285,0.48755472562771796,0.0019082104967422977,19.808762795932772
Slope_Gamma_channel52,0.188812366184007,-1.6670015285597237,0.2478452533115586,0.011172112672313973,3.190990877880191
Slope_Gamma_channel99,0.18442944518862064,-1.6904882995410355,0.23137583587095512,0.011575094630001283,2.938569518422905
Slope_Delta_channel48,0.1837496905816591,-1.694180824799947,0.36270596720597925,0.004785175203234124,7.055948289215337
Slope_Delta_channel28,0.1815784120210039,-1.7060676964176418,0.4837027110253064,0.0015330190783050845,21.50705113762973
Slope_Gamma_channel80,0.18106775343877954,-1.7088839893686574,0.18760766901271209,0.014253957708924014,2.3001002251354046
Slope_Delta_channel80,0.18049171865150146,-1.7120703823088064,0.4033654331231068,0.0032544276934598697,10.010134982332017
Slope_Delta_channel16,0.17819254485999916,-1.7248906006230436,0.3541466790454746,0.004637823975761618,6.846439884227912
Slope_Gamma_channel112,0.17551792221411863,-1.7400141204120296,0.26600681005253024,0.008180134113953534,3.766019063894334
Slope_Gamma_channel28,0.1753036578344527,-1.7412356211320117,0.22932040470581505,0.010252778011465622,2.997370314247722
Slope_Gamma_channel13,0.17498538815277775,-1.743052804814472,0.18640874897817294,0.013185051152522866,2.322318337090364
Slope_Gamma_channel61,0.17434934758242712,-1.746694247866749,0.20684310527718786,0.011576396111174878,2.625834042865431
Slope_Gamma_channel32,0.1735092237370422,-1.7515245182587893,0.24376391457709257,0.009125819257566802,3.298931292866512
Slope_Delta_channel27,0.17312404948080964,-1.7537468924191606,0.5059611634772574,0.0009863446351310683,30.38688044838515
Slope_Gamma_channel70,0.17221611301383746,-1.7590051198571188,0.17622410072575578,0.013459047001149301,2.2036024971948045
Slope_Gamma_channel60,0.17070564764340287,-1.7678145645304344,0.15583477889704045,0.014858366021971275,1.9612128341880433
Slope_Gamma_channel36,0.16922370683474297,-1.77653373030824,0.26973119638385956,0.007216565428356348,3.968184483212447
Slope_Gamma_channel75,0.16881261654905066,-1.7789659570242058,0.28846979351034474,0.006322034520150475,4.507678566971589
Slope_Delta_channel91,0.16503656719791018,-1.80158821025423,0.44711746266007624,0.0015863778850793676,17.169344560742942
Slope_Gamma_channel48,0.16337453387105094,-1.8117099601646922,0.2081562915867129,0.009726575992437446,2.744155634864313
Slope_Gamma_channel18,0.16323835549201618,-1.8125438426681746,0.18724815920843796,0.011038450523378514,2.413994667757239
Slope_Delta_channel74,0.1628683961059581,-1.814812790139894,0.37236201418668935,0.0030209410530458933,8.780745464524065
Slope_Delta_channel102,0.15953153343640208,-1.835513674502038,0.3675871917179234,0.002942972266549402,8.647825346451548
Slope_Gamma_channel86,0.15265530897283025,-1.8795727816780092,0.20062921232142916,0.008581442491045818,2.7155857982974436
Slope_Delta_channel52,0.1521954177379093,-1.8825899408546227,0.3400504025736403,0.0031826296254724787,7.278083819438453
Slope_Delta_channel57,0.1518828878550627,-1.884645529741737,0.4007867653499778,0.0018716486653002871,12.325182632228936
Slope_Delta_channel94,0.15113599371636735,-1.8895752268444466,0.3383117795687849,0.003159206625272588,7.230324352293015
Slope_Gamma_channel111,0.14831896477022444,-1.908390156893478,0.19627767151442688,0.00820588416993223,2.6808220607253297
Slope_Gamma_channel74,0.14740206116910656,-1.9145913158164836,0.2178768557435311,0.007012941463197209,3.098181804442938
Slope_Delta_channel18,0.14621481063574554,-1.9226784328592883,0.36382783281416187,0.0023055378063345866,9.272791272607906
Slope_Gamma_channel66,0.14219103205335884,-1.950583829330564,0.1811028216751932,0.008154047124025766,2.4795404403325634
Slope_Delta_channel67,0.14001133738973562,-1.9660318782963913,0.31272952363515316,0.003079220553358235,6.36627817266383
Slope_Gamma_channel64,0.13688629123416177,-1.9886046887787632,0.1394787849151549,0.009792379590560752,1.9135141315299793
Slope_Gamma_channel69,0.13478134901953087,-2.004101450465849,0.14472392223162592,0.009118971212668837,1.9921120069210045
Slope_Gamma_channel16,0.12925284016302463,-2.0459847916530185,0.11472851898011956,0.010169585458106267,1.6427706674013605
Slope_Delta_channel98,0.1288409549766263,-2.0491765424337065,0.2862182111132977,0.0029818297952276364,5.567048698036697
Slope_Gamma_channel73,0.12870314136500516,-2.0502467562474385,0.2270405139362709,0.004623068465137578,3.5830095794887935
Slope_Delta_channel92,0.12843767407482368,-2.0523115189654075,0.2932265793832226,0.0027966757091598443,5.898515894324519
Slope_Delta_channel50,0.1263759169481128,-2.068494345896408,0.42351477311248986,0.0007974672651470449,20.026994313718237
Slope_Delta_channel84,0.12583375797943488,-2.072793624295856,0.33802886855495484,0.0018122124524012977,8.737460459586707
Slope_Delta_channel106,0.12374516580070373,-2.089530942533102,0.3056591090116908,0.002271093581776195,6.742507742489257
Slope_Delta_channel34,0.1219421166105301,-2.104208800849847,0.33193233201491323,0.0017381563976495127,8.554972281875488
Slope_Gamma_channel54,0.12159529925388667,-2.107056967648879,0.13869405306539584,0.007475184594267736,1.9779333358510365
Slope_Gamma_channel27,0.12101224657997849,-2.1118635271021438,0.1965227181044399,0.004908700265514942,2.983267062609559
Slope_Gamma_channel82,0.12044386856687293,-2.1165714556015454,0.18886306331069658,0.005124243578013784,2.830998420449236
Slope_Delta_channel66,0.11649229046826115,-2.1499301844042273,0.3535782452434114,0.0012404788071683477,10.939690110078645
Slope_Gamma_channel71,0.11516114253881309,-2.161422891970835,0.13955736513709677,0.006546974349729153,2.0256821002198477
Slope_Gamma_channel113,0.11465839692974554,-2.165798032676337,0.1925480027146269,0.004412203080059384,2.979588144053002
Slope_Gamma_channel35,0.11261767969079195,-2.1837565623621202,0.21889958665970422,0.0034650448503911906,3.660195560673904
Slope_Gamma_channel76,0.11243617812300347,-2.185369523889657,0.14020162639581676,0.006163041491076764,2.0512427458441556
Slope_Delta_channel9,0.11102167970916782,-2.1980297840456386,0.31947111759525015,0.0014657826767441359,8.409031953375043
Slope_Delta_channel97,0.10354871743119232,-2.2677130772028393,0.38862121111889325,0.0005972453303485319,17.95298571089325
Slope_Gamma_channel79,0.10283114616632698,-2.274666993578057,0.1693627741489543,0.004010652247068474,2.6365398868998398
Slope_Delta_channel96,0.1013446467839514,-2.2892282265817068,0.2395069166884386,0.0022343064499177737,4.596834705526564
Slope_Delta_channel113,0.09994797927576138,-2.303105435591163,0.41897936268549385,0.00037506617441861065,26.63422948441802
Slope_Delta_channel108,0.09687053010381848,-2.3343799332369577,0.2897702843033948,0.0012858893173544462,7.297595116429599
Slope_Gamma_channel38,0.09604807949678074,-2.342906384795365,0.11428495656300444,0.005243985589955944,1.7592026935942462
Slope_Delta_channel17,0.09430694392670759,-2.3612004555033113,0.28244299189578437,0.0012724584791615056,6.989461596150311
Slope_Delta_channel83,0.09266912714046845,-2.3787199024365457,0.3586306180133223,0.000577097606172038,14.88061470561061
Slope_Delta_channel77,0.09094128374721738,-2.3975412142651,0.2675380168499367,0.0013126174208820496,6.300630296400023
Slope_Delta_channel26,0.08818130426250058,-2.428360308251086,0.3208732933165539,0.0007295895074171455,10.657969094105656
Slope_Delta_channel93,0.08815141296442595,-2.4286993411751063,0.3208100118370919,0.0007293113008853516,10.65480762219304
Slope_Delta_channel4,0.08331794685830109,-2.485091304536026,0.34590182221609767,0.00047482807570883634,14.619776343931767
Slope_Delta_channel11,0.08143050044213372,-2.508005377849211,0.36572866862029363,0.0003552845697577661,18.663705003505573
Slope_Delta_channel63,0.08093880167133882,-2.514061944791793,0.2866135337286223,0.0007941194226785583,8.249501811573314
Slope_Delta_channel110,0.08016897985719058,-2.5236186237532716,0.2856427977958039,0.0007801149767188575,8.238612926487693
Slope_Delta_channel59,0.07941553852948102,-2.5330612305119287,0.20653387887153984,0.001559378190190325,4.044450409530048
Slope_Delta_channel79,0.07898536369767574,-2.5384927133293314,0.3512860636070918,0.00037963646454773056,16.433320455363532
Slope_Gamma_channel49,0.07681824373098338,-2.5663131184581944,0.17098371308319127,0.001949255942337838,3.0273308095371796
Slope_Delta_channel99,0.07288643202655036,-2.6188527748951747,0.31382346018943974,0.0004461491242053543,11.907301136190796
Slope_Delta_channel114,0.07160915363413589,-2.6365323691347142,0.2848879767700515,0.0005706843969843198,8.985475880004076
Slope_Gamma_channel78,0.07004175248169879,-2.658663750722473,0.08936393286076043,0.003259689996840505,1.505004186122795
Slope_Delta_channel29,0.06901867698417313,-2.673378130082306,0.3636642047048173,0.00021574217558112852,22.079956131963254
Slope_Delta_channel14,0.06257510776760022,-2.7713877194508365,0.1822123866674209,0.0010665817828098406,3.6712085048098895
Slope_Delta_channel32,0.0621888487188237,-2.777579576357622,0.23928268691659604,0.0006089836498693805,6.350667880496069
Slope_Delta_channel12,0.060539557080794,-2.804458291556821,0.19440087262611805,0.0008759218347146335,4.184206656673592
Slope_Delta_channel44,0.06052037593609964,-2.8047751783149226,0.2512102022242565,0.0005025729675689353,7.2879285990336005
Slope_Delta_channel37,0.05839026844079246,-2.8406060393211248,0.14950962588531683,0.001226586681457319,2.7796025345204605
Slope_Gamma_channel72,0.05594531340711396,-2.8833806116805167,0.09741511064450199,0.0018494025913641503,1.6923725027937557
Slope_Delta_channel62,0.05371130185944269,-2.9241318366796403,0.21070654304574543,0.0005513539220512851,5.232399429939718
Slope_Delta_channel3,0.05199816408450918,-2.956546867091115,0.2891987506572615,0.0002195604811822817,12.314643571557879
Slope_Delta_channel109,0.0499131231438141,-2.997471321946181,0.20152496660306207,0.0005018250713255526,4.964518523135604
Slope_Delta_channel35,0.04716912160990035,-3.05401580365498,0.20277990556788617,0.0004291828200008283,5.184098546734174
Slope_Delta_channel65,0.04573313863590439,-3.084932109599935,0.20826116165270525,0.00037451573597822814,5.5845983721560835
Slope_Delta_channel55,0.045429109466201434,-3.0916022017317792,0.21796521923317014,0.00033207745708241143,6.214827122034783
Slope_Delta_channel101,0.043329846465049796,-3.1389135866234006,0.17419854681251845,0.00046828488311395877,4.009259453775485
Slope_Delta_channel8,0.04272221857288158,-3.1530361527928585,0.2694371394952798,0.0001586370445232025,11.50543345833775
Slope_Delta_channel115,0.038457498306148946,-3.258201587579121,0.17629594761920853,0.0003420080165800786,4.324399149343206
Slope_Gamma_channel77,0.03821201526459777,-3.264605277103143,0.07014358110252064,0.0011162556272555258,1.3080857779609685
Slope_Delta_channel1,0.03808543102365016,-3.2679234578090557,0.25975085259812203,0.00012957327337853375,11.194438624852381
Slope_Delta_channel107,0.037324381092031435,-3.2881085172876228,0.13384095203509283,0.0005070016850469089,2.7477412107107693
Slope_Delta_channel22,0.03706747196774323,-3.295015460321297,0.22603319727205518,0.00017875867306721,7.686326232477863
Slope_Delta_channel33,0.0358249495969959,-3.3291107121915458,0.27712342824760094,8.84657443973088e-05,14.507615601619689
Slope_Delta_channel75,0.03500892580429621,-3.3521522270256643,0.22902482321870232,0.00014861536215324614,8.246959588921246
Slope_Delta_channel116,0.03467442137127227,-3.361753000122428,0.1670050809604119,0.0002946287922477237,4.080780728387324
Slope_Delta_channel41,0.027029556892849686,-3.610824311989464,0.2164180867736153,8.818115440596414e-05,8.285182369696711
Slope_Delta_channel61,0.026246361203218032,-3.6402279203830488,0.10409972371809034,0.0003255399646600936,2.1160888099532147
Slope_Delta_channel39,0.026145021479843013,-3.644096489776383,0.19945056784689097,9.998850931883863e-05,6.8364070315494105
Slope_Delta_channel103,0.022897260037275564,-3.776738024607727,0.10872138236040256,0.0002267379622408727,2.3122926219899984
Slope_Delta_channel95,0.020933924784177625,-3.866384240554007,0.14531878198681783,0.00011505712414600532,3.8087968052591132
Slope_Delta_channel42,0.019688385622897868,-3.9277263793878268,0.12928286515211126,0.0001230938838372812,3.1490803308176223
Slope_Delta_channel105,0.019288830042843163,-3.9482291048710203,0.09278268584425839,0.0001931679863539485,1.926090194572678
Slope_Delta_channel15,0.017769626545037765,-4.0302646530725585,0.11599989082091927,0.00011670464023780589,2.705630443714112
Slope_Delta_channel6,0.015502569875490818,-4.1667494703812125,0.22057639414236474,1.9728563053835112e-05,12.181813347919265
Slope_Delta_channel64,0.010668890828241802,-4.540423171439113,0.09831442927527775,4.899731270184193e-05,2.3230913131418114
Slope_Delta_channel2,0.010203629904035295,-4.585011749055032,0.16037267346998285,1.6929603191250823e-05,6.149823007802641
Slope_Delta_channel81,0.009827580930231138,-4.622562465623954,0.12391720102942877,2.722683860391476e-05,3.547284660744852
Slope_Delta_channel21,0.009698273882131993,-4.635807359603503,0.14211721057290153,1.988802471166326e-05,4.729304074008141
Slope_Delta_channel85,0.008601137740215968,-4.755860789098986,0.12020204557502474,2.1350854186740336e-05,3.4649466376905687
Slope_Delta_channel40,0.00650669706715359,-5.034923314470233,0.13304861663963072,9.127785623877704e-06,4.638266987006575
Slope_Delta_channel43,0.006387473300026381,-5.053416503496059,0.08479675079513609,2.0396741765014303e-05,2.000310423527162
Slope_Delta_channel89,0.004647509028076817,-5.371423895804275,0.04227899168535376,2.604769741036023e-05,0.8292226305371845
Slope_Delta_channel7,0.0036422065185613543,-5.615165594572304,0.07034870996238346,8.321142623193168e-06,1.5942123485392465
Slope_Delta_channel87,0.0016460781494834025,-6.409359699431843,0.04392510117290845,3.226013496561248e-06,0.8399138060317961
